id,product_id,price,created_at
1,1,51960.0,2025-09-01 05:50:34
2,1,50610.0,2025-09-02 05:50:34
3,1,49010.0,2025-09-03 05:50:34
4,1,49510.0,2025-09-04 05:50:34
5,1,51380.0,2025-09-05 05:50:34
6,1,53150.0,2025-09-06 05:50:34
7,1,54000.0,2025-09-07 05:50:34
8,1,54240.0,2025-09-08 05:50:34
9,1,54050.0,2025-09-09 05:50:34
10,1,54010.0,2025-09-10 05:50:34
11,1,55150.0,2025-09-11 05:50:34
12,1,55600.0,2025-09-12 05:50:34
13,1,55910.0,2025-09-13 05:50:34
14,1,55000.0,2025-09-14 05:50:34
15,1,57070.0,2025-09-15 05:50:34
16,1,57420.0,2025-09-16 05:50:34
17,1,59230.0,2025-09-17 05:50:34
18,1,60500.0,2025-09-18 05:50:34
19,1,61360.0,2025-09-19 05:50:34
20,1,61050.0,2025-09-20 05:50:34
21,1,61830.0,2025-09-21 05:50:34
22,1,62280.0,2025-09-22 05:50:34
23,1,62020.0,2025-09-23 05:50:34
24,1,61510.0,2025-09-24 05:50:34
25,1,60650.0,2025-09-25 05:50:34
26,1,60740.0,2025-09-26 05:50:34
27,1,49430.0,2025-09-27 05:50:34
28,1,51210.0,2025-09-28 05:50:34
29,1,50960.0,2025-09-29 05:50:34
30,1,50620.0,2025-09-30 05:50:34
31,1,49830.0,2025-10-01 05:50:34
32,1,49300.0,2025-10-02 05:50:34
33,1,48700.0,2025-10-03 05:50:34
34,1,49540.0,2025-10-04 05:50:34
35,1,49790.0,2025-10-05 05:50:34
36,1,50770.0,2025-10-06 05:50:34
37,1,50270.0,2025-10-07 05:50:34
38,1,50660.0,2025-10-08 05:50:34
39,1,50410.0,2025-10-09 05:50:34
40,1,51430.0,2025-10-10 05:50:34
41,1,50280.0,2025-10-11 05:50:34
42,1,51340.0,2025-10-12 05:50:34
43,1,51390.0,2025-10-13 05:50:34
44,1,51980.0,2025-10-14 05:50:34
45,1,52240.0,2025-10-15 05:50:34
46,1,50460.0,2025-10-16 05:50:34
47,1,51270.0,2025-10-17 05:50:34
48,1,52060.0,2025-10-18 05:50:34
49,1,53330.0,2025-10-19 05:50:34
50,1,53190.0,2025-10-20 05:50:34
51,1,52790.0,2025-10-21 05:50:34
52,1,54860.0,2025-10-22 05:50:34
53,1,55210.0,2025-10-23 05:50:34
54,1,55270.0,2025-10-24 05:50:34
55,1,55090.0,2025-10-25 05:50:34
56,1,54870.0,2025-10-26 05:50:34
57,1,53540.0,2025-10-27 05:50:34
58,1,52990.0,2025-10-28 05:50:34
59,1,53040.0,2025-10-29 05:50:34
60,1,46200.0,2025-10-30 05:50:34
61,1,46370.0,2025-10-31 05:50:34
62,1,45660.0,2025-11-01 05:50:34
63,1,46480.0,2025-11-02 05:50:34
64,1,45530.0,2025-11-03 05:50:34
65,1,45550.0,2025-11-04 05:50:34
66,1,46130.0,2025-11-05 05:50:34
67,1,45780.0,2025-11-06 05:50:34
68,1,47090.0,2025-11-07 05:50:34
69,1,47740.0,2025-11-08 05:50:34
70,1,48200.0,2025-11-09 05:50:34
71,1,48450.0,2025-11-10 05:50:34
72,1,48810.0,2025-11-11 05:50:34
73,1,48140.0,2025-11-12 05:50:34
74,1,47960.0,2025-11-13 05:50:34
75,1,49510.0,2025-11-14 05:50:34
76,1,49450.0,2025-11-15 05:50:34
77,1,51270.0,2025-11-16 05:50:34
78,1,51720.0,2025-11-17 05:50:34
79,1,51310.0,2025-11-18 05:50:34
80,1,52500.0,2025-11-19 05:50:34
81,1,50960.0,2025-11-20 05:50:34
82,1,51140.0,2025-11-21 05:50:34
83,1,51640.0,2025-11-22 05:50:34
84,1,51490.0,2025-11-23 05:50:34
85,1,51290.0,2025-11-24 05:50:34
86,1,50500.0,2025-11-25 05:50:34
87,1,50720.0,2025-11-26 05:50:34
88,1,50840.0,2025-11-27 05:50:34
89,1,50800.0,2025-11-28 05:50:34
90,1,50320.0,2025-11-29 05:50:34
91,2,43750.0,2025-09-01 05:50:34
92,2,44850.0,2025-09-02 05:50:34
93,2,46150.0,2025-09-03 05:50:34
94,2,48080.0,2025-09-04 05:50:34
95,2,49990.0,2025-09-05 05:50:34
96,2,50400.0,2025-09-06 05:50:34
97,2,51310.0,2025-09-07 05:50:34
98,2,51090.0,2025-09-08 05:50:34
99,2,52750.0,2025-09-09 05:50:34
100,2,51810.0,2025-09-10 05:50:34
101,2,52890.0,2025-09-11 05:50:34
102,2,52730.0,2025-09-12 05:50:34
103,2,51690.0,2025-09-13 05:50:34
104,2,45930.0,2025-09-14 05:50:34
105,2,44040.0,2025-09-15 05:50:34
106,2,42940.0,2025-09-16 05:50:34
107,2,42620.0,2025-09-17 05:50:34
108,2,42920.0,2025-09-18 05:50:34
109,2,42620.0,2025-09-19 05:50:34
110,2,42690.0,2025-09-20 05:50:34
111,2,42130.0,2025-09-21 05:50:34
112,2,41880.0,2025-09-22 05:50:34
113,2,42090.0,2025-09-23 05:50:34
114,2,42080.0,2025-09-24 05:50:34
115,2,41830.0,2025-09-25 05:50:34
116,2,41570.0,2025-09-26 05:50:34
117,2,41500.0,2025-09-27 05:50:34
118,2,42390.0,2025-09-28 05:50:34
119,2,42940.0,2025-09-29 05:50:34
120,2,43740.0,2025-09-30 05:50:34
121,2,43650.0,2025-10-01 05:50:34
122,2,43040.0,2025-10-02 05:50:34
123,2,42850.0,2025-10-03 05:50:34
124,2,43680.0,2025-10-04 05:50:34
125,2,35200.0,2025-10-05 05:50:34
126,2,35880.0,2025-10-06 05:50:34
127,2,35840.0,2025-10-07 05:50:34
128,2,36580.0,2025-10-08 05:50:34
129,2,36030.0,2025-10-09 05:50:34
130,2,35800.0,2025-10-10 05:50:34
131,2,36190.0,2025-10-11 05:50:34
132,2,27160.0,2025-10-12 05:50:34
133,2,26190.0,2025-10-13 05:50:34
134,2,25330.0,2025-10-14 05:50:34
135,2,25520.0,2025-10-15 05:50:34
136,2,25870.0,2025-10-16 05:50:34
137,2,26710.0,2025-10-17 05:50:34
138,2,27230.0,2025-10-18 05:50:34
139,2,27590.0,2025-10-19 05:50:34
140,2,27630.0,2025-10-20 05:50:34
141,2,27630.0,2025-10-21 05:50:34
142,2,26900.0,2025-10-22 05:50:34
143,2,25680.0,2025-10-23 05:50:34
144,2,25730.0,2025-10-24 05:50:34
145,2,26560.0,2025-10-25 05:50:34
146,2,26220.0,2025-10-26 05:50:34
147,2,25950.0,2025-10-27 05:50:34
148,2,25770.0,2025-10-28 05:50:34
149,2,27030.0,2025-10-29 05:50:34
150,2,26670.0,2025-10-30 05:50:34
151,2,27810.0,2025-10-31 05:50:34
152,2,27470.0,2025-11-01 05:50:34
153,2,27400.0,2025-11-02 05:50:34
154,2,26590.0,2025-11-03 05:50:34
155,2,26730.0,2025-11-04 05:50:34
156,2,27300.0,2025-11-05 05:50:34
157,2,27300.0,2025-11-06 05:50:34
158,2,27840.0,2025-11-07 05:50:34
159,2,28230.0,2025-11-08 05:50:34
160,2,29570.0,2025-11-09 05:50:34
161,2,30200.0,2025-11-10 05:50:34
162,2,29180.0,2025-11-11 05:50:34
163,2,28320.0,2025-11-12 05:50:34
164,2,28450.0,2025-11-13 05:50:34
165,2,27820.0,2025-11-14 05:50:34
166,2,22380.0,2025-11-15 05:50:34
167,2,22380.0,2025-11-16 05:50:34
168,2,22380.0,2025-11-17 05:50:34
169,2,23020.0,2025-11-18 05:50:34
170,2,23140.0,2025-11-19 05:50:34
171,2,23700.0,2025-11-20 05:50:34
172,2,23450.0,2025-11-21 05:50:34
173,2,23100.0,2025-11-22 05:50:34
174,2,23850.0,2025-11-23 05:50:34
175,2,23490.0,2025-11-24 05:50:34
176,2,23240.0,2025-11-25 05:50:34
177,2,23200.0,2025-11-26 05:50:34
178,2,22380.0,2025-11-27 05:50:34
179,2,22810.0,2025-11-28 05:50:34
180,2,23460.0,2025-11-29 05:50:34
181,3,57050.0,2025-09-01 05:50:34
182,3,57450.0,2025-09-02 05:50:34
183,3,57600.0,2025-09-03 05:50:34
184,3,51420.0,2025-09-04 05:50:34
185,3,51430.0,2025-09-05 05:50:34
186,3,52240.0,2025-09-06 05:50:34
187,3,54300.0,2025-09-07 05:50:34
188,3,55630.0,2025-09-08 05:50:34
189,3,56400.0,2025-09-09 05:50:34
190,3,57270.0,2025-09-10 05:50:34
191,3,59500.0,2025-09-11 05:50:34
192,3,62130.0,2025-09-12 05:50:34
193,3,62370.0,2025-09-13 05:50:34
194,3,61000.0,2025-09-14 05:50:34
195,3,61850.0,2025-09-15 05:50:34
196,3,62200.0,2025-09-16 05:50:34
197,3,62590.0,2025-09-17 05:50:34
198,3,64110.0,2025-09-18 05:50:34
199,3,64680.0,2025-09-19 05:50:34
200,3,67500.0,2025-09-20 05:50:34
201,3,68110.0,2025-09-21 05:50:34
202,3,66070.0,2025-09-22 05:50:34
203,3,67740.0,2025-09-23 05:50:34
204,3,67840.0,2025-09-24 05:50:34
205,3,68800.0,2025-09-25 05:50:34
206,3,69230.0,2025-09-26 05:50:34
207,3,74490.0,2025-09-27 05:50:34
208,3,76710.0,2025-09-28 05:50:34
209,3,76650.0,2025-09-29 05:50:34
210,3,74820.0,2025-09-30 05:50:34
211,3,74690.0,2025-10-01 05:50:34
212,3,75370.0,2025-10-02 05:50:34
213,3,76320.0,2025-10-03 05:50:34
214,3,75150.0,2025-10-04 05:50:34
215,3,76840.0,2025-10-05 05:50:34
216,3,77020.0,2025-10-06 05:50:34
217,3,76410.0,2025-10-07 05:50:34
218,3,77240.0,2025-10-08 05:50:34
219,3,78840.0,2025-10-09 05:50:34
220,3,78870.0,2025-10-10 05:50:34
221,3,79900.0,2025-10-11 05:50:34
222,3,80750.0,2025-10-12 05:50:34
223,3,78690.0,2025-10-13 05:50:34
224,3,79660.0,2025-10-14 05:50:34
225,3,80870.0,2025-10-15 05:50:34
226,3,83520.0,2025-10-16 05:50:34
227,3,83790.0,2025-10-17 05:50:34
228,3,84920.0,2025-10-18 05:50:34
229,3,88170.0,2025-10-19 05:50:34
230,3,87110.0,2025-10-20 05:50:34
231,3,85960.0,2025-10-21 05:50:34
232,3,85180.0,2025-10-22 05:50:34
233,3,67660.0,2025-10-23 05:50:34
234,3,68400.0,2025-10-24 05:50:34
235,3,69330.0,2025-10-25 05:50:34
236,3,68790.0,2025-10-26 05:50:34
237,3,70140.0,2025-10-27 05:50:34
238,3,69770.0,2025-10-28 05:50:34
239,3,67670.0,2025-10-29 05:50:34
240,3,68670.0,2025-10-30 05:50:34
241,3,70550.0,2025-10-31 05:50:34
242,3,69380.0,2025-11-01 05:50:34
243,3,69180.0,2025-11-02 05:50:34
244,3,70000.0,2025-11-03 05:50:34
245,3,70470.0,2025-11-04 05:50:34
246,3,71320.0,2025-11-05 05:50:34
247,3,71090.0,2025-11-06 05:50:34
248,3,73400.0,2025-11-07 05:50:34
249,3,74050.0,2025-11-08 05:50:34
250,3,71270.0,2025-11-09 05:50:34
251,3,68310.0,2025-11-10 05:50:34
252,3,68730.0,2025-11-11 05:50:34
253,3,69830.0,2025-11-12 05:50:34
254,3,51190.0,2025-11-13 05:50:34
255,3,51710.0,2025-11-14 05:50:34
256,3,51270.0,2025-11-15 05:50:34
257,3,51480.0,2025-11-16 05:50:34
258,3,51630.0,2025-11-17 05:50:34
259,3,51840.0,2025-11-18 05:50:34
260,3,52520.0,2025-11-19 05:50:34
261,3,53240.0,2025-11-20 05:50:34
262,3,52960.0,2025-11-21 05:50:34
263,3,53710.0,2025-11-22 05:50:34
264,3,53490.0,2025-11-23 05:50:34
265,3,53340.0,2025-11-24 05:50:34
266,3,53110.0,2025-11-25 05:50:34
267,3,37450.0,2025-11-26 05:50:34
268,3,37480.0,2025-11-27 05:50:34
269,3,38590.0,2025-11-28 05:50:34
270,3,40240.0,2025-11-29 05:50:34
271,4,56150.0,2025-09-01 05:50:34
272,4,55460.0,2025-09-02 05:50:34
273,4,54420.0,2025-09-03 05:50:34
274,4,40540.0,2025-09-04 05:50:34
275,4,40020.0,2025-09-05 05:50:34
276,4,39920.0,2025-09-06 05:50:34
277,4,39770.0,2025-09-07 05:50:34
278,4,39500.0,2025-09-08 05:50:34
279,4,37390.0,2025-09-09 05:50:34
280,4,37180.0,2025-09-10 05:50:34
281,4,36250.0,2025-09-11 05:50:34
282,4,36350.0,2025-09-12 05:50:34
283,4,36670.0,2025-09-13 05:50:34
284,4,37200.0,2025-09-14 05:50:34
285,4,36370.0,2025-09-15 05:50:34
286,4,36600.0,2025-09-16 05:50:34
287,4,37510.0,2025-09-17 05:50:34
288,4,37960.0,2025-09-18 05:50:34
289,4,38070.0,2025-09-19 05:50:34
290,4,39990.0,2025-09-20 05:50:34
291,4,41190.0,2025-09-21 05:50:34
292,4,40620.0,2025-09-22 05:50:34
293,4,30390.0,2025-09-23 05:50:34
294,4,30880.0,2025-09-24 05:50:34
295,4,32140.0,2025-09-25 05:50:34
296,4,31930.0,2025-09-26 05:50:34
297,4,32680.0,2025-09-27 05:50:34
298,4,32950.0,2025-09-28 05:50:34
299,4,32740.0,2025-09-29 05:50:34
300,4,32480.0,2025-09-30 05:50:34
301,4,31710.0,2025-10-01 05:50:34
302,4,31700.0,2025-10-02 05:50:34
303,4,32170.0,2025-10-03 05:50:34
304,4,31920.0,2025-10-04 05:50:34
305,4,33120.0,2025-10-05 05:50:34
306,4,32940.0,2025-10-06 05:50:34
307,4,33240.0,2025-10-07 05:50:34
308,4,33580.0,2025-10-08 05:50:34
309,4,34190.0,2025-10-09 05:50:34
310,4,34360.0,2025-10-10 05:50:34
311,4,34330.0,2025-10-11 05:50:34
312,4,33970.0,2025-10-12 05:50:34
313,4,34310.0,2025-10-13 05:50:34
314,4,34270.0,2025-10-14 05:50:34
315,4,34030.0,2025-10-15 05:50:34
316,4,33100.0,2025-10-16 05:50:34
317,4,32960.0,2025-10-17 05:50:34
318,4,28490.0,2025-10-18 05:50:34
319,4,28630.0,2025-10-19 05:50:34
320,4,28490.0,2025-10-20 05:50:34
321,4,28490.0,2025-10-21 05:50:34
322,4,28760.0,2025-10-22 05:50:34
323,4,28690.0,2025-10-23 05:50:34
324,4,29100.0,2025-10-24 05:50:34
325,4,29890.0,2025-10-25 05:50:34
326,4,30320.0,2025-10-26 05:50:34
327,4,30100.0,2025-10-27 05:50:34
328,4,30360.0,2025-10-28 05:50:34
329,4,31630.0,2025-10-29 05:50:34
330,4,32070.0,2025-10-30 05:50:34
331,4,31550.0,2025-10-31 05:50:34
332,4,32820.0,2025-11-01 05:50:34
333,4,32550.0,2025-11-02 05:50:34
334,4,33040.0,2025-11-03 05:50:34
335,4,32260.0,2025-11-04 05:50:34
336,4,31750.0,2025-11-05 05:50:34
337,4,31650.0,2025-11-06 05:50:34
338,4,33120.0,2025-11-07 05:50:34
339,4,32750.0,2025-11-08 05:50:34
340,4,33040.0,2025-11-09 05:50:34
341,4,28490.0,2025-11-10 05:50:34
342,4,29620.0,2025-11-11 05:50:34
343,4,29350.0,2025-11-12 05:50:34
344,4,28900.0,2025-11-13 05:50:34
345,4,28770.0,2025-11-14 05:50:34
346,4,28490.0,2025-11-15 05:50:34
347,4,29400.0,2025-11-16 05:50:34
348,4,29390.0,2025-11-17 05:50:34
349,4,28690.0,2025-11-18 05:50:34
350,4,28490.0,2025-11-19 05:50:34
351,4,28710.0,2025-11-20 05:50:34
352,4,28990.0,2025-11-21 05:50:34
353,4,30370.0,2025-11-22 05:50:34
354,4,30440.0,2025-11-23 05:50:34
355,4,29790.0,2025-11-24 05:50:34
356,4,29520.0,2025-11-25 05:50:34
357,4,30500.0,2025-11-26 05:50:34
358,4,29820.0,2025-11-27 05:50:34
359,4,30660.0,2025-11-28 05:50:34
360,4,30660.0,2025-11-29 05:50:34
361,5,58040.0,2025-09-01 05:50:34
362,5,56560.0,2025-09-02 05:50:34
363,5,56540.0,2025-09-03 05:50:34
364,5,54720.0,2025-09-04 05:50:34
365,5,54030.0,2025-09-05 05:50:34
366,5,53010.0,2025-09-06 05:50:34
367,5,53470.0,2025-09-07 05:50:34
368,5,52140.0,2025-09-08 05:50:34
369,5,52570.0,2025-09-09 05:50:34
370,5,52930.0,2025-09-10 05:50:34
371,5,53480.0,2025-09-11 05:50:34
372,5,51770.0,2025-09-12 05:50:34
373,5,52710.0,2025-09-13 05:50:34
374,5,54200.0,2025-09-14 05:50:34
375,5,51950.0,2025-09-15 05:50:34
376,5,52550.0,2025-09-16 05:50:34
377,5,51950.0,2025-09-17 05:50:34
378,5,51680.0,2025-09-18 05:50:34
379,5,51750.0,2025-09-19 05:50:34
380,5,52670.0,2025-09-20 05:50:34
381,5,53260.0,2025-09-21 05:50:34
382,5,54880.0,2025-09-22 05:50:34
383,5,54610.0,2025-09-23 05:50:34
384,5,55830.0,2025-09-24 05:50:34
385,5,57920.0,2025-09-25 05:50:34
386,5,58790.0,2025-09-26 05:50:34
387,5,59490.0,2025-09-27 05:50:34
388,5,60190.0,2025-09-28 05:50:34
389,5,61060.0,2025-09-29 05:50:34
390,5,59970.0,2025-09-30 05:50:34
391,5,61050.0,2025-10-01 05:50:34
392,5,61400.0,2025-10-02 05:50:34
393,5,62640.0,2025-10-03 05:50:34
394,5,63430.0,2025-10-04 05:50:34
395,5,63780.0,2025-10-05 05:50:34
396,5,61060.0,2025-10-06 05:50:34
397,5,61040.0,2025-10-07 05:50:34
398,5,60440.0,2025-10-08 05:50:34
399,5,62280.0,2025-10-09 05:50:34
400,5,62730.0,2025-10-10 05:50:34
401,5,64820.0,2025-10-11 05:50:34
402,5,64360.0,2025-10-12 05:50:34
403,5,61500.0,2025-10-13 05:50:34
404,5,61300.0,2025-10-14 05:50:34
405,5,63110.0,2025-10-15 05:50:34
406,5,61560.0,2025-10-16 05:50:34
407,5,59440.0,2025-10-17 05:50:34
408,5,58660.0,2025-10-18 05:50:34
409,5,57930.0,2025-10-19 05:50:34
410,5,60620.0,2025-10-20 05:50:34
411,5,61170.0,2025-10-21 05:50:34
412,5,61210.0,2025-10-22 05:50:34
413,5,61660.0,2025-10-23 05:50:34
414,5,53250.0,2025-10-24 05:50:34
415,5,53130.0,2025-10-25 05:50:34
416,5,53450.0,2025-10-26 05:50:34
417,5,50770.0,2025-10-27 05:50:34
418,5,50510.0,2025-10-28 05:50:34
419,5,52050.0,2025-10-29 05:50:34
420,5,52910.0,2025-10-30 05:50:34
421,5,53700.0,2025-10-31 05:50:34
422,5,55820.0,2025-11-01 05:50:34
423,5,56570.0,2025-11-02 05:50:34
424,5,57020.0,2025-11-03 05:50:34
425,5,56850.0,2025-11-04 05:50:34
426,5,56310.0,2025-11-05 05:50:34
427,5,50050.0,2025-11-06 05:50:34
428,5,50030.0,2025-11-07 05:50:34
429,5,50680.0,2025-11-08 05:50:34
430,5,52170.0,2025-11-09 05:50:34
431,5,51210.0,2025-11-10 05:50:34
432,5,51700.0,2025-11-11 05:50:34
433,5,52710.0,2025-11-12 05:50:34
434,5,53150.0,2025-11-13 05:50:34
435,5,55110.0,2025-11-14 05:50:34
436,5,56000.0,2025-11-15 05:50:34
437,5,55700.0,2025-11-16 05:50:34
438,5,54780.0,2025-11-17 05:50:34
439,5,54790.0,2025-11-18 05:50:34
440,5,54060.0,2025-11-19 05:50:34
441,5,55820.0,2025-11-20 05:50:34
442,5,56030.0,2025-11-21 05:50:34
443,5,56720.0,2025-11-22 05:50:34
444,5,56800.0,2025-11-23 05:50:34
445,5,56600.0,2025-11-24 05:50:34
446,5,58000.0,2025-11-25 05:50:34
447,5,56830.0,2025-11-26 05:50:34
448,5,56280.0,2025-11-27 05:50:34
449,5,55040.0,2025-11-28 05:50:34
450,5,54460.0,2025-11-29 05:50:34
451,6,50620.0,2025-09-01 05:50:34
452,6,42140.0,2025-09-02 05:50:34
453,6,42820.0,2025-09-03 05:50:34
454,6,41520.0,2025-09-04 05:50:34
455,6,41930.0,2025-09-05 05:50:34
456,6,42710.0,2025-09-06 05:50:34
457,6,44010.0,2025-09-07 05:50:34
458,6,44200.0,2025-09-08 05:50:34
459,6,42170.0,2025-09-09 05:50:34
460,6,42770.0,2025-09-10 05:50:34
461,6,39910.0,2025-09-11 05:50:34
462,6,39400.0,2025-09-12 05:50:34
463,6,39700.0,2025-09-13 05:50:34
464,6,39640.0,2025-09-14 05:50:34
465,6,38610.0,2025-09-15 05:50:34
466,6,37230.0,2025-09-16 05:50:34
467,6,36300.0,2025-09-17 05:50:34
468,6,36700.0,2025-09-18 05:50:34
469,6,37520.0,2025-09-19 05:50:34
470,6,38050.0,2025-09-20 05:50:34
471,6,38200.0,2025-09-21 05:50:34
472,6,38020.0,2025-09-22 05:50:34
473,6,37860.0,2025-09-23 05:50:34
474,6,37000.0,2025-09-24 05:50:34
475,6,36940.0,2025-09-25 05:50:34
476,6,38320.0,2025-09-26 05:50:34
477,6,38210.0,2025-09-27 05:50:34
478,6,39120.0,2025-09-28 05:50:34
479,6,38550.0,2025-09-29 05:50:34
480,6,38180.0,2025-09-30 05:50:34
481,6,38600.0,2025-10-01 05:50:34
482,6,38840.0,2025-10-02 05:50:34
483,6,39530.0,2025-10-03 05:50:34
484,6,41790.0,2025-10-04 05:50:34
485,6,43580.0,2025-10-05 05:50:34
486,6,44370.0,2025-10-06 05:50:34
487,6,42410.0,2025-10-07 05:50:34
488,6,36190.0,2025-10-08 05:50:34
489,6,36760.0,2025-10-09 05:50:34
490,6,28950.0,2025-10-10 05:50:34
491,6,28640.0,2025-10-11 05:50:34
492,6,28260.0,2025-10-12 05:50:34
493,6,28100.0,2025-10-13 05:50:34
494,6,27720.0,2025-10-14 05:50:34
495,6,27270.0,2025-10-15 05:50:34
496,6,26810.0,2025-10-16 05:50:34
497,6,26970.0,2025-10-17 05:50:34
498,6,26590.0,2025-10-18 05:50:34
499,6,26090.0,2025-10-19 05:50:34
500,6,25890.0,2025-10-20 05:50:34
501,6,25800.0,2025-10-21 05:50:34
502,6,25850.0,2025-10-22 05:50:34
503,6,25800.0,2025-10-23 05:50:34
504,6,26570.0,2025-10-24 05:50:34
505,6,27250.0,2025-10-25 05:50:34
506,6,27650.0,2025-10-26 05:50:34
507,6,25800.0,2025-10-27 05:50:34
508,6,25800.0,2025-10-28 05:50:34
509,6,25800.0,2025-10-29 05:50:34
510,6,25800.0,2025-10-30 05:50:34
511,6,25800.0,2025-10-31 05:50:34
512,6,25800.0,2025-11-01 05:50:34
513,6,26370.0,2025-11-02 05:50:34
514,6,26980.0,2025-11-03 05:50:34
515,6,27450.0,2025-11-04 05:50:34
516,6,27210.0,2025-11-05 05:50:34
517,6,27140.0,2025-11-06 05:50:34
518,6,27530.0,2025-11-07 05:50:34
519,6,28550.0,2025-11-08 05:50:34
520,6,27240.0,2025-11-09 05:50:34
521,6,27500.0,2025-11-10 05:50:34
522,6,28080.0,2025-11-11 05:50:34
523,6,27910.0,2025-11-12 05:50:34
524,6,27870.0,2025-11-13 05:50:34
525,6,28190.0,2025-11-14 05:50:34
526,6,27810.0,2025-11-15 05:50:34
527,6,27120.0,2025-11-16 05:50:34
528,6,27230.0,2025-11-17 05:50:34
529,6,27800.0,2025-11-18 05:50:34
530,6,27430.0,2025-11-19 05:50:34
531,6,27660.0,2025-11-20 05:50:34
532,6,26980.0,2025-11-21 05:50:34
533,6,27740.0,2025-11-22 05:50:34
534,6,28080.0,2025-11-23 05:50:34
535,6,27780.0,2025-11-24 05:50:34
536,6,26930.0,2025-11-25 05:50:34
537,6,26810.0,2025-11-26 05:50:34
538,6,26770.0,2025-11-27 05:50:34
539,6,26130.0,2025-11-28 05:50:34
540,6,26500.0,2025-11-29 05:50:34
541,7,55510.0,2025-09-01 05:50:34
542,7,54230.0,2025-09-02 05:50:34
543,7,53180.0,2025-09-03 05:50:34
544,7,53470.0,2025-09-04 05:50:34
545,7,54530.0,2025-09-05 05:50:34
546,7,40060.0,2025-09-06 05:50:34
547,7,33840.0,2025-09-07 05:50:34
548,7,33150.0,2025-09-08 05:50:34
549,7,33910.0,2025-09-09 05:50:34
550,7,33620.0,2025-09-10 05:50:34
551,7,35010.0,2025-09-11 05:50:34
552,7,35050.0,2025-09-12 05:50:34
553,7,34720.0,2025-09-13 05:50:34
554,7,35250.0,2025-09-14 05:50:34
555,7,36660.0,2025-09-15 05:50:34
556,7,36560.0,2025-09-16 05:50:34
557,7,36930.0,2025-09-17 05:50:34
558,7,37810.0,2025-09-18 05:50:34
559,7,37850.0,2025-09-19 05:50:34
560,7,38620.0,2025-09-20 05:50:34
561,7,38410.0,2025-09-21 05:50:34
562,7,37440.0,2025-09-22 05:50:34
563,7,37340.0,2025-09-23 05:50:34
564,7,38090.0,2025-09-24 05:50:34
565,7,37350.0,2025-09-25 05:50:34
566,7,38190.0,2025-09-26 05:50:34
567,7,38790.0,2025-09-27 05:50:34
568,7,38510.0,2025-09-28 05:50:34
569,7,38870.0,2025-09-29 05:50:34
570,7,39950.0,2025-09-30 05:50:34
571,7,40780.0,2025-10-01 05:50:34
572,7,39940.0,2025-10-02 05:50:34
573,7,40530.0,2025-10-03 05:50:34
574,7,41180.0,2025-10-04 05:50:34
575,7,42690.0,2025-10-05 05:50:34
576,7,42070.0,2025-10-06 05:50:34
577,7,43600.0,2025-10-07 05:50:34
578,7,44060.0,2025-10-08 05:50:34
579,7,44880.0,2025-10-09 05:50:34
580,7,45610.0,2025-10-10 05:50:34
581,7,46490.0,2025-10-11 05:50:34
582,7,48120.0,2025-10-12 05:50:34
583,7,48940.0,2025-10-13 05:50:34
584,7,50430.0,2025-10-14 05:50:34
585,7,48690.0,2025-10-15 05:50:34
586,7,49960.0,2025-10-16 05:50:34
587,7,50160.0,2025-10-17 05:50:34
588,7,49180.0,2025-10-18 05:50:34
589,7,49520.0,2025-10-19 05:50:34
590,7,50760.0,2025-10-20 05:50:34
591,7,50160.0,2025-10-21 05:50:34
592,7,48680.0,2025-10-22 05:50:34
593,7,41120.0,2025-10-23 05:50:34
594,7,40630.0,2025-10-24 05:50:34
595,7,40280.0,2025-10-25 05:50:34
596,7,40600.0,2025-10-26 05:50:34
597,7,40930.0,2025-10-27 05:50:34
598,7,40600.0,2025-10-28 05:50:34
599,7,40770.0,2025-10-29 05:50:34
600,7,41550.0,2025-10-30 05:50:34
601,7,41050.0,2025-10-31 05:50:34
602,7,41170.0,2025-11-01 05:50:34
603,7,40550.0,2025-11-02 05:50:34
604,7,40720.0,2025-11-03 05:50:34
605,7,40380.0,2025-11-04 05:50:34
606,7,40260.0,2025-11-05 05:50:34
607,7,39990.0,2025-11-06 05:50:34
608,7,40920.0,2025-11-07 05:50:34
609,7,41680.0,2025-11-08 05:50:34
610,7,40640.0,2025-11-09 05:50:34
611,7,38690.0,2025-11-10 05:50:34
612,7,37410.0,2025-11-11 05:50:34
613,7,37240.0,2025-11-12 05:50:34
614,7,36860.0,2025-11-13 05:50:34
615,7,35930.0,2025-11-14 05:50:34
616,7,38240.0,2025-11-15 05:50:34
617,7,40390.0,2025-11-16 05:50:34
618,7,38730.0,2025-11-17 05:50:34
619,7,38750.0,2025-11-18 05:50:34
620,7,37850.0,2025-11-19 05:50:34
621,7,38430.0,2025-11-20 05:50:34
622,7,40770.0,2025-11-21 05:50:34
623,7,40850.0,2025-11-22 05:50:34
624,7,41010.0,2025-11-23 05:50:34
625,7,41700.0,2025-11-24 05:50:34
626,7,42140.0,2025-11-25 05:50:34
627,7,42750.0,2025-11-26 05:50:34
628,7,42830.0,2025-11-27 05:50:34
629,7,42950.0,2025-11-28 05:50:34
630,7,43630.0,2025-11-29 05:50:34
631,8,94430.0,2025-09-01 05:50:34
632,8,93700.0,2025-09-02 05:50:34
633,8,98170.0,2025-09-03 05:50:34
634,8,100780.0,2025-09-04 05:50:34
635,8,105030.0,2025-09-05 05:50:34
636,8,107320.0,2025-09-06 05:50:34
637,8,108700.0,2025-09-07 05:50:34
638,8,105500.0,2025-09-08 05:50:34
639,8,73610.0,2025-09-09 05:50:34
640,8,71890.0,2025-09-10 05:50:34
641,8,69310.0,2025-09-11 05:50:34
642,8,67920.0,2025-09-12 05:50:34
643,8,69700.0,2025-09-13 05:50:34
644,8,70530.0,2025-09-14 05:50:34
645,8,70980.0,2025-09-15 05:50:34
646,8,70500.0,2025-09-16 05:50:34
647,8,68940.0,2025-09-17 05:50:34
648,8,69640.0,2025-09-18 05:50:34
649,8,71840.0,2025-09-19 05:50:34
650,8,73980.0,2025-09-20 05:50:34
651,8,75320.0,2025-09-21 05:50:34
652,8,75270.0,2025-09-22 05:50:34
653,8,75830.0,2025-09-23 05:50:34
654,8,74700.0,2025-09-24 05:50:34
655,8,75490.0,2025-09-25 05:50:34
656,8,77910.0,2025-09-26 05:50:34
657,8,77600.0,2025-09-27 05:50:34
658,8,78420.0,2025-09-28 05:50:34
659,8,78620.0,2025-09-29 05:50:34
660,8,78840.0,2025-09-30 05:50:34
661,8,79800.0,2025-10-01 05:50:34
662,8,80530.0,2025-10-02 05:50:34
663,8,79030.0,2025-10-03 05:50:34
664,8,74340.0,2025-10-04 05:50:34
665,8,67120.0,2025-10-05 05:50:34
666,8,65920.0,2025-10-06 05:50:34
667,8,67570.0,2025-10-07 05:50:34
668,8,67500.0,2025-10-08 05:50:34
669,8,67700.0,2025-10-09 05:50:34
670,8,69150.0,2025-10-10 05:50:34
671,8,70900.0,2025-10-11 05:50:34
672,8,70450.0,2025-10-12 05:50:34
673,8,56760.0,2025-10-13 05:50:34
674,8,47670.0,2025-10-14 05:50:34
675,8,47530.0,2025-10-15 05:50:34
676,8,48380.0,2025-10-16 05:50:34
677,8,48250.0,2025-10-17 05:50:34
678,8,49040.0,2025-10-18 05:50:34
679,8,51650.0,2025-10-19 05:50:34
680,8,52290.0,2025-10-20 05:50:34
681,8,51950.0,2025-10-21 05:50:34
682,8,52650.0,2025-10-22 05:50:34
683,8,52270.0,2025-10-23 05:50:34
684,8,54240.0,2025-10-24 05:50:34
685,8,55250.0,2025-10-25 05:50:34
686,8,57160.0,2025-10-26 05:50:34
687,8,56100.0,2025-10-27 05:50:34
688,8,55830.0,2025-10-28 05:50:34
689,8,54780.0,2025-10-29 05:50:34
690,8,54370.0,2025-10-30 05:50:34
691,8,54400.0,2025-10-31 05:50:34
692,8,56390.0,2025-11-01 05:50:34
693,8,57770.0,2025-11-02 05:50:34
694,8,59810.0,2025-11-03 05:50:34
695,8,59560.0,2025-11-04 05:50:34
696,8,61570.0,2025-11-05 05:50:34
697,8,60920.0,2025-11-06 05:50:34
698,8,63500.0,2025-11-07 05:50:34
699,8,63780.0,2025-11-08 05:50:34
700,8,63890.0,2025-11-09 05:50:34
701,8,62620.0,2025-11-10 05:50:34
702,8,62450.0,2025-11-11 05:50:34
703,8,62270.0,2025-11-12 05:50:34
704,8,63690.0,2025-11-13 05:50:34
705,8,65770.0,2025-11-14 05:50:34
706,8,65250.0,2025-11-15 05:50:34
707,8,63810.0,2025-11-16 05:50:34
708,8,47020.0,2025-11-17 05:50:34
709,8,47580.0,2025-11-18 05:50:34
710,8,47710.0,2025-11-19 05:50:34
711,8,46540.0,2025-11-20 05:50:34
712,8,47020.0,2025-11-21 05:50:34
713,8,47070.0,2025-11-22 05:50:34
714,8,47280.0,2025-11-23 05:50:34
715,8,46540.0,2025-11-24 05:50:34
716,8,46540.0,2025-11-25 05:50:34
717,8,46540.0,2025-11-26 05:50:34
718,8,48230.0,2025-11-27 05:50:34
719,8,47720.0,2025-11-28 05:50:34
720,8,47640.0,2025-11-29 05:50:34
721,9,94200.0,2025-09-01 05:50:34
722,9,92960.0,2025-09-02 05:50:34
723,9,94790.0,2025-09-03 05:50:34
724,9,96090.0,2025-09-04 05:50:34
725,9,94600.0,2025-09-05 05:50:34
726,9,95470.0,2025-09-06 05:50:34
727,9,94570.0,2025-09-07 05:50:34
728,9,94420.0,2025-09-08 05:50:34
729,9,77450.0,2025-09-09 05:50:34
730,9,76890.0,2025-09-10 05:50:34
731,9,78520.0,2025-09-11 05:50:34
732,9,77820.0,2025-09-12 05:50:34
733,9,78690.0,2025-09-13 05:50:34
734,9,79680.0,2025-09-14 05:50:34
735,9,79420.0,2025-09-15 05:50:34
736,9,80540.0,2025-09-16 05:50:34
737,9,79290.0,2025-09-17 05:50:34
738,9,78760.0,2025-09-18 05:50:34
739,9,78220.0,2025-09-19 05:50:34
740,9,70590.0,2025-09-20 05:50:34
741,9,69340.0,2025-09-21 05:50:34
742,9,67590.0,2025-09-22 05:50:34
743,9,67750.0,2025-09-23 05:50:34
744,9,69130.0,2025-09-24 05:50:34
745,9,68770.0,2025-09-25 05:50:34
746,9,67170.0,2025-09-26 05:50:34
747,9,69530.0,2025-09-27 05:50:34
748,9,67630.0,2025-09-28 05:50:34
749,9,68250.0,2025-09-29 05:50:34
750,9,53870.0,2025-09-30 05:50:34
751,9,53760.0,2025-10-01 05:50:34
752,9,53940.0,2025-10-02 05:50:34
753,9,53850.0,2025-10-03 05:50:34
754,9,52430.0,2025-10-04 05:50:34
755,9,52940.0,2025-10-05 05:50:34
756,9,53200.0,2025-10-06 05:50:34
757,9,52080.0,2025-10-07 05:50:34
758,9,52070.0,2025-10-08 05:50:34
759,9,51640.0,2025-10-09 05:50:34
760,9,52210.0,2025-10-10 05:50:34
761,9,54000.0,2025-10-11 05:50:34
762,9,53940.0,2025-10-12 05:50:34
763,9,54610.0,2025-10-13 05:50:34
764,9,54310.0,2025-10-14 05:50:34
765,9,55950.0,2025-10-15 05:50:34
766,9,56620.0,2025-10-16 05:50:34
767,9,56470.0,2025-10-17 05:50:34
768,9,55140.0,2025-10-18 05:50:34
769,9,56600.0,2025-10-19 05:50:34
770,9,53990.0,2025-10-20 05:50:34
771,9,55580.0,2025-10-21 05:50:34
772,9,54620.0,2025-10-22 05:50:34
773,9,53840.0,2025-10-23 05:50:34
774,9,53090.0,2025-10-24 05:50:34
775,9,52980.0,2025-10-25 05:50:34
776,9,53390.0,2025-10-26 05:50:34
777,9,52100.0,2025-10-27 05:50:34
778,9,52570.0,2025-10-28 05:50:34
779,9,53230.0,2025-10-29 05:50:34
780,9,52910.0,2025-10-30 05:50:34
781,9,52130.0,2025-10-31 05:50:34
782,9,52930.0,2025-11-01 05:50:34
783,9,55190.0,2025-11-02 05:50:34
784,9,55590.0,2025-11-03 05:50:34
785,9,55140.0,2025-11-04 05:50:34
786,9,54770.0,2025-11-05 05:50:34
787,9,53470.0,2025-11-06 05:50:34
788,9,52630.0,2025-11-07 05:50:34
789,9,50780.0,2025-11-08 05:50:34
790,9,52460.0,2025-11-09 05:50:34
791,9,52420.0,2025-11-10 05:50:34
792,9,52260.0,2025-11-11 05:50:34
793,9,53960.0,2025-11-12 05:50:34
794,9,55990.0,2025-11-13 05:50:34
795,9,58310.0,2025-11-14 05:50:34
796,9,59430.0,2025-11-15 05:50:34
797,9,58720.0,2025-11-16 05:50:34
798,9,58280.0,2025-11-17 05:50:34
799,9,55470.0,2025-11-18 05:50:34
800,9,56030.0,2025-11-19 05:50:34
801,9,56000.0,2025-11-20 05:50:34
802,9,55490.0,2025-11-21 05:50:34
803,9,53950.0,2025-11-22 05:50:34
804,9,52590.0,2025-11-23 05:50:34
805,9,52150.0,2025-11-24 05:50:34
806,9,54050.0,2025-11-25 05:50:34
807,9,55860.0,2025-11-26 05:50:34
808,9,57450.0,2025-11-27 05:50:34
809,9,57200.0,2025-11-28 05:50:34
810,9,57630.0,2025-11-29 05:50:34
811,10,66940.0,2025-09-01 05:50:34
812,10,67390.0,2025-09-02 05:50:34
813,10,68950.0,2025-09-03 05:50:34
814,10,68030.0,2025-09-04 05:50:34
815,10,68160.0,2025-09-05 05:50:34
816,10,67920.0,2025-09-06 05:50:34
817,10,70160.0,2025-09-07 05:50:34
818,10,66890.0,2025-09-08 05:50:34
819,10,67610.0,2025-09-09 05:50:34
820,10,67580.0,2025-09-10 05:50:34
821,10,66040.0,2025-09-11 05:50:34
822,10,67500.0,2025-09-12 05:50:34
823,10,68470.0,2025-09-13 05:50:34
824,10,71120.0,2025-09-14 05:50:34
825,10,73310.0,2025-09-15 05:50:34
826,10,71960.0,2025-09-16 05:50:34
827,10,71300.0,2025-09-17 05:50:34
828,10,73430.0,2025-09-18 05:50:34
829,10,73580.0,2025-09-19 05:50:34
830,10,73510.0,2025-09-20 05:50:34
831,10,71060.0,2025-09-21 05:50:34
832,10,73910.0,2025-09-22 05:50:34
833,10,72620.0,2025-09-23 05:50:34
834,10,71160.0,2025-09-24 05:50:34
835,10,70320.0,2025-09-25 05:50:34
836,10,71660.0,2025-09-26 05:50:34
837,10,71470.0,2025-09-27 05:50:34
838,10,72560.0,2025-09-28 05:50:34
839,10,71730.0,2025-09-29 05:50:34
840,10,54840.0,2025-09-30 05:50:34
841,10,54800.0,2025-10-01 05:50:34
842,10,55410.0,2025-10-02 05:50:34
843,10,54940.0,2025-10-03 05:50:34
844,10,42290.0,2025-10-04 05:50:34
845,10,42660.0,2025-10-05 05:50:34
846,10,41320.0,2025-10-06 05:50:34
847,10,42780.0,2025-10-07 05:50:34
848,10,42740.0,2025-10-08 05:50:34
849,10,41420.0,2025-10-09 05:50:34
850,10,41890.0,2025-10-10 05:50:34
851,10,42600.0,2025-10-11 05:50:34
852,10,41580.0,2025-10-12 05:50:34
853,10,41830.0,2025-10-13 05:50:34
854,10,41400.0,2025-10-14 05:50:34
855,10,41060.0,2025-10-15 05:50:34
856,10,40570.0,2025-10-16 05:50:34
857,10,40980.0,2025-10-17 05:50:34
858,10,41130.0,2025-10-18 05:50:34
859,10,40430.0,2025-10-19 05:50:34
860,10,40340.0,2025-10-20 05:50:34
861,10,39230.0,2025-10-21 05:50:34
862,10,38410.0,2025-10-22 05:50:34
863,10,36930.0,2025-10-23 05:50:34
864,10,37720.0,2025-10-24 05:50:34
865,10,38530.0,2025-10-25 05:50:34
866,10,34290.0,2025-10-26 05:50:34
867,10,35190.0,2025-10-27 05:50:34
868,10,36490.0,2025-10-28 05:50:34
869,10,35330.0,2025-10-29 05:50:34
870,10,35610.0,2025-10-30 05:50:34
871,10,36060.0,2025-10-31 05:50:34
872,10,37850.0,2025-11-01 05:50:34
873,10,37540.0,2025-11-02 05:50:34
874,10,36600.0,2025-11-03 05:50:34
875,10,36650.0,2025-11-04 05:50:34
876,10,37020.0,2025-11-05 05:50:34
877,10,37570.0,2025-11-06 05:50:34
878,10,37630.0,2025-11-07 05:50:34
879,10,38120.0,2025-11-08 05:50:34
880,10,39330.0,2025-11-09 05:50:34
881,10,37940.0,2025-11-10 05:50:34
882,10,37770.0,2025-11-11 05:50:34
883,10,38580.0,2025-11-12 05:50:34
884,10,37670.0,2025-11-13 05:50:34
885,10,38120.0,2025-11-14 05:50:34
886,10,39470.0,2025-11-15 05:50:34
887,10,39230.0,2025-11-16 05:50:34
888,10,38820.0,2025-11-17 05:50:34
889,10,38710.0,2025-11-18 05:50:34
890,10,38580.0,2025-11-19 05:50:34
891,10,39170.0,2025-11-20 05:50:34
892,10,38660.0,2025-11-21 05:50:34
893,10,39850.0,2025-11-22 05:50:34
894,10,39510.0,2025-11-23 05:50:34
895,10,39440.0,2025-11-24 05:50:34
896,10,40730.0,2025-11-25 05:50:34
897,10,41870.0,2025-11-26 05:50:34
898,10,41420.0,2025-11-27 05:50:34
899,10,42340.0,2025-11-28 05:50:34
900,10,43530.0,2025-11-29 05:50:34
901,11,81400.0,2025-09-01 05:50:34
902,11,81690.0,2025-09-02 05:50:34
903,11,84540.0,2025-09-03 05:50:34
904,11,86240.0,2025-09-04 05:50:34
905,11,88610.0,2025-09-05 05:50:34
906,11,89250.0,2025-09-06 05:50:34
907,11,89710.0,2025-09-07 05:50:34
908,11,86370.0,2025-09-08 05:50:34
909,11,85770.0,2025-09-09 05:50:34
910,11,83920.0,2025-09-10 05:50:34
911,11,84350.0,2025-09-11 05:50:34
912,11,83920.0,2025-09-12 05:50:34
913,11,84130.0,2025-09-13 05:50:34
914,11,84860.0,2025-09-14 05:50:34
915,11,83280.0,2025-09-15 05:50:34
916,11,83900.0,2025-09-16 05:50:34
917,11,87300.0,2025-09-17 05:50:34
918,11,86090.0,2025-09-18 05:50:34
919,11,63640.0,2025-09-19 05:50:34
920,11,63030.0,2025-09-20 05:50:34
921,11,65110.0,2025-09-21 05:50:34
922,11,65740.0,2025-09-22 05:50:34
923,11,65870.0,2025-09-23 05:50:34
924,11,64810.0,2025-09-24 05:50:34
925,11,64520.0,2025-09-25 05:50:34
926,11,66220.0,2025-09-26 05:50:34
927,11,65630.0,2025-09-27 05:50:34
928,11,67000.0,2025-09-28 05:50:34
929,11,67340.0,2025-09-29 05:50:34
930,11,66930.0,2025-09-30 05:50:34
931,11,64720.0,2025-10-01 05:50:34
932,11,64810.0,2025-10-02 05:50:34
933,11,65510.0,2025-10-03 05:50:34
934,11,63620.0,2025-10-04 05:50:34
935,11,64780.0,2025-10-05 05:50:34
936,11,65120.0,2025-10-06 05:50:34
937,11,64270.0,2025-10-07 05:50:34
938,11,63950.0,2025-10-08 05:50:34
939,11,62110.0,2025-10-09 05:50:34
940,11,61720.0,2025-10-10 05:50:34
941,11,62290.0,2025-10-11 05:50:34
942,11,62480.0,2025-10-12 05:50:34
943,11,61220.0,2025-10-13 05:50:34
944,11,52450.0,2025-10-14 05:50:34
945,11,52750.0,2025-10-15 05:50:34
946,11,54850.0,2025-10-16 05:50:34
947,11,55890.0,2025-10-17 05:50:34
948,11,58730.0,2025-10-18 05:50:34
949,11,61090.0,2025-10-19 05:50:34
950,11,61650.0,2025-10-20 05:50:34
951,11,63190.0,2025-10-21 05:50:34
952,11,63320.0,2025-10-22 05:50:34
953,11,63490.0,2025-10-23 05:50:34
954,11,63880.0,2025-10-24 05:50:34
955,11,67610.0,2025-10-25 05:50:34
956,11,68480.0,2025-10-26 05:50:34
957,11,70600.0,2025-10-27 05:50:34
958,11,69440.0,2025-10-28 05:50:34
959,11,55160.0,2025-10-29 05:50:34
960,11,42660.0,2025-10-30 05:50:34
961,11,43990.0,2025-10-31 05:50:34
962,11,43520.0,2025-11-01 05:50:34
963,11,43270.0,2025-11-02 05:50:34
964,11,43160.0,2025-11-03 05:50:34
965,11,42660.0,2025-11-04 05:50:34
966,11,42880.0,2025-11-05 05:50:34
967,11,43630.0,2025-11-06 05:50:34
968,11,44200.0,2025-11-07 05:50:34
969,11,43620.0,2025-11-08 05:50:34
970,11,45510.0,2025-11-09 05:50:34
971,11,47070.0,2025-11-10 05:50:34
972,11,48290.0,2025-11-11 05:50:34
973,11,47980.0,2025-11-12 05:50:34
974,11,47750.0,2025-11-13 05:50:34
975,11,48720.0,2025-11-14 05:50:34
976,11,48420.0,2025-11-15 05:50:34
977,11,47510.0,2025-11-16 05:50:34
978,11,45380.0,2025-11-17 05:50:34
979,11,46020.0,2025-11-18 05:50:34
980,11,45990.0,2025-11-19 05:50:34
981,11,46680.0,2025-11-20 05:50:34
982,11,47050.0,2025-11-21 05:50:34
983,11,45590.0,2025-11-22 05:50:34
984,11,41440.0,2025-11-23 05:50:34
985,11,41440.0,2025-11-24 05:50:34
986,11,41650.0,2025-11-25 05:50:34
987,11,42130.0,2025-11-26 05:50:34
988,11,42780.0,2025-11-27 05:50:34
989,11,44460.0,2025-11-28 05:50:34
990,11,45040.0,2025-11-29 05:50:34
991,12,69000.0,2025-09-01 05:50:34
992,12,69030.0,2025-09-02 05:50:34
993,12,68490.0,2025-09-03 05:50:34
994,12,69830.0,2025-09-04 05:50:34
995,12,70740.0,2025-09-05 05:50:34
996,12,71030.0,2025-09-06 05:50:34
997,12,71080.0,2025-09-07 05:50:34
998,12,71010.0,2025-09-08 05:50:34
999,12,72390.0,2025-09-09 05:50:34
1000,12,71610.0,2025-09-10 05:50:34
1001,12,69770.0,2025-09-11 05:50:34
1002,12,68780.0,2025-09-12 05:50:34
1003,12,68750.0,2025-09-13 05:50:34
1004,12,68880.0,2025-09-14 05:50:34
1005,12,68810.0,2025-09-15 05:50:34
1006,12,66410.0,2025-09-16 05:50:34
1007,12,63760.0,2025-09-17 05:50:34
1008,12,62540.0,2025-09-18 05:50:34
1009,12,63030.0,2025-09-19 05:50:34
1010,12,64460.0,2025-09-20 05:50:34
1011,12,66470.0,2025-09-21 05:50:34
1012,12,66500.0,2025-09-22 05:50:34
1013,12,69450.0,2025-09-23 05:50:34
1014,12,65040.0,2025-09-24 05:50:34
1015,12,54600.0,2025-09-25 05:50:34
1016,12,54960.0,2025-09-26 05:50:34
1017,12,56770.0,2025-09-27 05:50:34
1018,12,56600.0,2025-09-28 05:50:34
1019,12,56390.0,2025-09-29 05:50:34
1020,12,57010.0,2025-09-30 05:50:34
1021,12,57280.0,2025-10-01 05:50:34
1022,12,55830.0,2025-10-02 05:50:34
1023,12,57880.0,2025-10-03 05:50:34
1024,12,60430.0,2025-10-04 05:50:34
1025,12,59560.0,2025-10-05 05:50:34
1026,12,59360.0,2025-10-06 05:50:34
1027,12,58210.0,2025-10-07 05:50:34
1028,12,57120.0,2025-10-08 05:50:34
1029,12,58980.0,2025-10-09 05:50:34
1030,12,58180.0,2025-10-10 05:50:34
1031,12,58480.0,2025-10-11 05:50:34
1032,12,59720.0,2025-10-12 05:50:34
1033,12,60450.0,2025-10-13 05:50:34
1034,12,60570.0,2025-10-14 05:50:34
1035,12,57790.0,2025-10-15 05:50:34
1036,12,58740.0,2025-10-16 05:50:34
1037,12,60420.0,2025-10-17 05:50:34
1038,12,59630.0,2025-10-18 05:50:34
1039,12,60340.0,2025-10-19 05:50:34
1040,12,61650.0,2025-10-20 05:50:34
1041,12,52080.0,2025-10-21 05:50:34
1042,12,52340.0,2025-10-22 05:50:34
1043,12,51170.0,2025-10-23 05:50:34
1044,12,51430.0,2025-10-24 05:50:34
1045,12,50800.0,2025-10-25 05:50:34
1046,12,51690.0,2025-10-26 05:50:34
1047,12,51040.0,2025-10-27 05:50:34
1048,12,51290.0,2025-10-28 05:50:34
1049,12,50500.0,2025-10-29 05:50:34
1050,12,50130.0,2025-10-30 05:50:34
1051,12,51330.0,2025-10-31 05:50:34
1052,12,38540.0,2025-11-01 05:50:34
1053,12,38270.0,2025-11-02 05:50:34
1054,12,37570.0,2025-11-03 05:50:34
1055,12,36750.0,2025-11-04 05:50:34
1056,12,38370.0,2025-11-05 05:50:34
1057,12,38300.0,2025-11-06 05:50:34
1058,12,38290.0,2025-11-07 05:50:34
1059,12,38400.0,2025-11-08 05:50:34
1060,12,39260.0,2025-11-09 05:50:34
1061,12,40230.0,2025-11-10 05:50:34
1062,12,40220.0,2025-11-11 05:50:34
1063,12,39770.0,2025-11-12 05:50:34
1064,12,38930.0,2025-11-13 05:50:34
1065,12,38940.0,2025-11-14 05:50:34
1066,12,38790.0,2025-11-15 05:50:34
1067,12,39020.0,2025-11-16 05:50:34
1068,12,37640.0,2025-11-17 05:50:34
1069,12,37730.0,2025-11-18 05:50:34
1070,12,37120.0,2025-11-19 05:50:34
1071,12,37300.0,2025-11-20 05:50:34
1072,12,37820.0,2025-11-21 05:50:34
1073,12,37820.0,2025-11-22 05:50:34
1074,12,37050.0,2025-11-23 05:50:34
1075,12,36330.0,2025-11-24 05:50:34
1076,12,35850.0,2025-11-25 05:50:34
1077,12,35810.0,2025-11-26 05:50:34
1078,12,36000.0,2025-11-27 05:50:34
1079,12,36320.0,2025-11-28 05:50:34
1080,12,36450.0,2025-11-29 05:50:34
1081,13,68840.0,2025-09-01 05:50:34
1082,13,70020.0,2025-09-02 05:50:34
1083,13,68760.0,2025-09-03 05:50:34
1084,13,65930.0,2025-09-04 05:50:34
1085,13,66110.0,2025-09-05 05:50:34
1086,13,65890.0,2025-09-06 05:50:34
1087,13,65880.0,2025-09-07 05:50:34
1088,13,65410.0,2025-09-08 05:50:34
1089,13,65710.0,2025-09-09 05:50:34
1090,13,51330.0,2025-09-10 05:50:34
1091,13,49710.0,2025-09-11 05:50:34
1092,13,51870.0,2025-09-12 05:50:34
1093,13,51040.0,2025-09-13 05:50:34
1094,13,52390.0,2025-09-14 05:50:34
1095,13,51850.0,2025-09-15 05:50:34
1096,13,51000.0,2025-09-16 05:50:34
1097,13,51680.0,2025-09-17 05:50:34
1098,13,50160.0,2025-09-18 05:50:34
1099,13,50970.0,2025-09-19 05:50:34
1100,13,51780.0,2025-09-20 05:50:34
1101,13,52320.0,2025-09-21 05:50:34
1102,13,52230.0,2025-09-22 05:50:34
1103,13,52930.0,2025-09-23 05:50:34
1104,13,50520.0,2025-09-24 05:50:34
1105,13,51570.0,2025-09-25 05:50:34
1106,13,51010.0,2025-09-26 05:50:34
1107,13,52980.0,2025-09-27 05:50:34
1108,13,53680.0,2025-09-28 05:50:34
1109,13,53940.0,2025-09-29 05:50:34
1110,13,53020.0,2025-09-30 05:50:34
1111,13,52090.0,2025-10-01 05:50:34
1112,13,51320.0,2025-10-02 05:50:34
1113,13,51500.0,2025-10-03 05:50:34
1114,13,52730.0,2025-10-04 05:50:34
1115,13,52990.0,2025-10-05 05:50:34
1116,13,53120.0,2025-10-06 05:50:34
1117,13,53190.0,2025-10-07 05:50:34
1118,13,52300.0,2025-10-08 05:50:34
1119,13,51970.0,2025-10-09 05:50:34
1120,13,50770.0,2025-10-10 05:50:34
1121,13,49500.0,2025-10-11 05:50:34
1122,13,49120.0,2025-10-12 05:50:34
1123,13,48710.0,2025-10-13 05:50:34
1124,13,46900.0,2025-10-14 05:50:34
1125,13,47130.0,2025-10-15 05:50:34
1126,13,47480.0,2025-10-16 05:50:34
1127,13,48270.0,2025-10-17 05:50:34
1128,13,45950.0,2025-10-18 05:50:34
1129,13,48070.0,2025-10-19 05:50:34
1130,13,49690.0,2025-10-20 05:50:34
1131,13,47610.0,2025-10-21 05:50:34
1132,13,45800.0,2025-10-22 05:50:34
1133,13,46140.0,2025-10-23 05:50:34
1134,13,46020.0,2025-10-24 05:50:34
1135,13,46520.0,2025-10-25 05:50:34
1136,13,47030.0,2025-10-26 05:50:34
1137,13,45990.0,2025-10-27 05:50:34
1138,13,46860.0,2025-10-28 05:50:34
1139,13,47800.0,2025-10-29 05:50:34
1140,13,45910.0,2025-10-30 05:50:34
1141,13,45280.0,2025-10-31 05:50:34
1142,13,46750.0,2025-11-01 05:50:34
1143,13,47380.0,2025-11-02 05:50:34
1144,13,47680.0,2025-11-03 05:50:34
1145,13,49240.0,2025-11-04 05:50:34
1146,13,47510.0,2025-11-05 05:50:34
1147,13,47210.0,2025-11-06 05:50:34
1148,13,47680.0,2025-11-07 05:50:34
1149,13,48940.0,2025-11-08 05:50:34
1150,13,48160.0,2025-11-09 05:50:34
1151,13,48730.0,2025-11-10 05:50:34
1152,13,49580.0,2025-11-11 05:50:34
1153,13,50930.0,2025-11-12 05:50:34
1154,13,50540.0,2025-11-13 05:50:34
1155,13,52030.0,2025-11-14 05:50:34
1156,13,53210.0,2025-11-15 05:50:34
1157,13,53720.0,2025-11-16 05:50:34
1158,13,53280.0,2025-11-17 05:50:34
1159,13,53340.0,2025-11-18 05:50:34
1160,13,50500.0,2025-11-19 05:50:34
1161,13,50670.0,2025-11-20 05:50:34
1162,13,50530.0,2025-11-21 05:50:34
1163,13,50870.0,2025-11-22 05:50:34
1164,13,51650.0,2025-11-23 05:50:34
1165,13,52270.0,2025-11-24 05:50:34
1166,13,51920.0,2025-11-25 05:50:34
1167,13,50750.0,2025-11-26 05:50:34
1168,13,51860.0,2025-11-27 05:50:34
1169,13,51510.0,2025-11-28 05:50:34
1170,13,51530.0,2025-11-29 05:50:34
1171,14,91230.0,2025-09-01 05:50:34
1172,14,77190.0,2025-09-02 05:50:34
1173,14,77720.0,2025-09-03 05:50:34
1174,14,76830.0,2025-09-04 05:50:34
1175,14,74430.0,2025-09-05 05:50:34
1176,14,77370.0,2025-09-06 05:50:34
1177,14,79430.0,2025-09-07 05:50:34
1178,14,77180.0,2025-09-08 05:50:34
1179,14,78150.0,2025-09-09 05:50:34
1180,14,78660.0,2025-09-10 05:50:34
1181,14,76580.0,2025-09-11 05:50:34
1182,14,78030.0,2025-09-12 05:50:34
1183,14,80690.0,2025-09-13 05:50:34
1184,14,83970.0,2025-09-14 05:50:34
1185,14,84570.0,2025-09-15 05:50:34
1186,14,82920.0,2025-09-16 05:50:34
1187,14,83340.0,2025-09-17 05:50:34
1188,14,83570.0,2025-09-18 05:50:34
1189,14,83870.0,2025-09-19 05:50:34
1190,14,85090.0,2025-09-20 05:50:34
1191,14,88340.0,2025-09-21 05:50:34
1192,14,89380.0,2025-09-22 05:50:34
1193,14,90860.0,2025-09-23 05:50:34
1194,14,91570.0,2025-09-24 05:50:34
1195,14,92810.0,2025-09-25 05:50:34
1196,14,93960.0,2025-09-26 05:50:34
1197,14,92980.0,2025-09-27 05:50:34
1198,14,95240.0,2025-09-28 05:50:34
1199,14,93350.0,2025-09-29 05:50:34
1200,14,93520.0,2025-09-30 05:50:34
1201,14,91160.0,2025-10-01 05:50:34
1202,14,91130.0,2025-10-02 05:50:34
1203,14,91830.0,2025-10-03 05:50:34
1204,14,94300.0,2025-10-04 05:50:34
1205,14,94520.0,2025-10-05 05:50:34
1206,14,90470.0,2025-10-06 05:50:34
1207,14,91540.0,2025-10-07 05:50:34
1208,14,91190.0,2025-10-08 05:50:34
1209,14,91240.0,2025-10-09 05:50:34
1210,14,94490.0,2025-10-10 05:50:34
1211,14,96420.0,2025-10-11 05:50:34
1212,14,99500.0,2025-10-12 05:50:34
1213,14,100590.0,2025-10-13 05:50:34
1214,14,99100.0,2025-10-14 05:50:34
1215,14,96870.0,2025-10-15 05:50:34
1216,14,94910.0,2025-10-16 05:50:34
1217,14,97560.0,2025-10-17 05:50:34
1218,14,98400.0,2025-10-18 05:50:34
1219,14,97420.0,2025-10-19 05:50:34
1220,14,97320.0,2025-10-20 05:50:34
1221,14,100510.0,2025-10-21 05:50:34
1222,14,98150.0,2025-10-22 05:50:34
1223,14,96520.0,2025-10-23 05:50:34
1224,14,80600.0,2025-10-24 05:50:34
1225,14,79640.0,2025-10-25 05:50:34
1226,14,80290.0,2025-10-26 05:50:34
1227,14,80040.0,2025-10-27 05:50:34
1228,14,80360.0,2025-10-28 05:50:34
1229,14,80100.0,2025-10-29 05:50:34
1230,14,77100.0,2025-10-30 05:50:34
1231,14,80440.0,2025-10-31 05:50:34
1232,14,80780.0,2025-11-01 05:50:34
1233,14,80190.0,2025-11-02 05:50:34
1234,14,79060.0,2025-11-03 05:50:34
1235,14,78390.0,2025-11-04 05:50:34
1236,14,78420.0,2025-11-05 05:50:34
1237,14,81620.0,2025-11-06 05:50:34
1238,14,82140.0,2025-11-07 05:50:34
1239,14,82310.0,2025-11-08 05:50:34
1240,14,82870.0,2025-11-09 05:50:34
1241,14,82870.0,2025-11-10 05:50:34
1242,14,81300.0,2025-11-11 05:50:34
1243,14,81050.0,2025-11-12 05:50:34
1244,14,80520.0,2025-11-13 05:50:34
1245,14,80450.0,2025-11-14 05:50:34
1246,14,81300.0,2025-11-15 05:50:34
1247,14,81670.0,2025-11-16 05:50:34
1248,14,78160.0,2025-11-17 05:50:34
1249,14,79210.0,2025-11-18 05:50:34
1250,14,78750.0,2025-11-19 05:50:34
1251,14,79810.0,2025-11-20 05:50:34
1252,14,80310.0,2025-11-21 05:50:34
1253,14,78820.0,2025-11-22 05:50:34
1254,14,77420.0,2025-11-23 05:50:34
1255,14,76680.0,2025-11-24 05:50:34
1256,14,74780.0,2025-11-25 05:50:34
1257,14,75950.0,2025-11-26 05:50:34
1258,14,76790.0,2025-11-27 05:50:34
1259,14,76300.0,2025-11-28 05:50:34
1260,14,78720.0,2025-11-29 05:50:34
1261,15,18290.0,2025-09-01 05:50:34
1262,15,18950.0,2025-09-02 05:50:34
1263,15,18590.0,2025-09-03 05:50:34
1264,15,18300.0,2025-09-04 05:50:34
1265,15,18160.0,2025-09-05 05:50:34
1266,15,17840.0,2025-09-06 05:50:34
1267,15,17460.0,2025-09-07 05:50:34
1268,15,17100.0,2025-09-08 05:50:34
1269,15,17320.0,2025-09-09 05:50:34
1270,15,17350.0,2025-09-10 05:50:34
1271,15,17220.0,2025-09-11 05:50:34
1272,15,17380.0,2025-09-12 05:50:34
1273,15,17770.0,2025-09-13 05:50:34
1274,15,18350.0,2025-09-14 05:50:34
1275,15,18760.0,2025-09-15 05:50:34
1276,15,18370.0,2025-09-16 05:50:34
1277,15,19110.0,2025-09-17 05:50:34
1278,15,19300.0,2025-09-18 05:50:34
1279,15,19600.0,2025-09-19 05:50:34
1280,15,19730.0,2025-09-20 05:50:34
1281,15,19870.0,2025-09-21 05:50:34
1282,15,14060.0,2025-09-22 05:50:34
1283,15,14250.0,2025-09-23 05:50:34
1284,15,14410.0,2025-09-24 05:50:34
1285,15,14640.0,2025-09-25 05:50:34
1286,15,15290.0,2025-09-26 05:50:34
1287,15,15370.0,2025-09-27 05:50:34
1288,15,15300.0,2025-09-28 05:50:34
1289,15,15110.0,2025-09-29 05:50:34
1290,15,15690.0,2025-09-30 05:50:34
1291,15,15500.0,2025-10-01 05:50:34
1292,15,15830.0,2025-10-02 05:50:34
1293,15,16260.0,2025-10-03 05:50:34
1294,15,16530.0,2025-10-04 05:50:34
1295,15,16900.0,2025-10-05 05:50:34
1296,15,17140.0,2025-10-06 05:50:34
1297,15,17250.0,2025-10-07 05:50:34
1298,15,17380.0,2025-10-08 05:50:34
1299,15,17300.0,2025-10-09 05:50:34
1300,15,17710.0,2025-10-10 05:50:34
1301,15,18080.0,2025-10-11 05:50:34
1302,15,18090.0,2025-10-12 05:50:34
1303,15,18140.0,2025-10-13 05:50:34
1304,15,18220.0,2025-10-14 05:50:34
1305,15,18390.0,2025-10-15 05:50:34
1306,15,18990.0,2025-10-16 05:50:34
1307,15,13670.0,2025-10-17 05:50:34
1308,15,13660.0,2025-10-18 05:50:34
1309,15,13950.0,2025-10-19 05:50:34
1310,15,13870.0,2025-10-20 05:50:34
1311,15,10180.0,2025-10-21 05:50:34
1312,15,9890.0,2025-10-22 05:50:34
1313,15,9770.0,2025-10-23 05:50:34
1314,15,9850.0,2025-10-24 05:50:34
1315,15,9900.0,2025-10-25 05:50:34
1316,15,9910.0,2025-10-26 05:50:34
1317,15,9760.0,2025-10-27 05:50:34
1318,15,9400.0,2025-10-28 05:50:34
1319,15,9440.0,2025-10-29 05:50:34
1320,15,9260.0,2025-10-30 05:50:34
1321,15,9540.0,2025-10-31 05:50:34
1322,15,9620.0,2025-11-01 05:50:34
1323,15,9890.0,2025-11-02 05:50:34
1324,15,9730.0,2025-11-03 05:50:34
1325,15,9570.0,2025-11-04 05:50:34
1326,15,9360.0,2025-11-05 05:50:34
1327,15,9380.0,2025-11-06 05:50:34
1328,15,9370.0,2025-11-07 05:50:34
1329,15,9570.0,2025-11-08 05:50:34
1330,15,9680.0,2025-11-09 05:50:34
1331,15,9480.0,2025-11-10 05:50:34
1332,15,8980.0,2025-11-11 05:50:34
1333,15,9470.0,2025-11-12 05:50:34
1334,15,9560.0,2025-11-13 05:50:34
1335,15,9120.0,2025-11-14 05:50:34
1336,15,9170.0,2025-11-15 05:50:34
1337,15,9150.0,2025-11-16 05:50:34
1338,15,8980.0,2025-11-17 05:50:34
1339,15,8980.0,2025-11-18 05:50:34
1340,15,9170.0,2025-11-19 05:50:34
1341,15,8980.0,2025-11-20 05:50:34
1342,15,9090.0,2025-11-21 05:50:34
1343,15,8980.0,2025-11-22 05:50:34
1344,15,9070.0,2025-11-23 05:50:34
1345,15,9030.0,2025-11-24 05:50:34
1346,15,9080.0,2025-11-25 05:50:34
1347,15,8980.0,2025-11-26 05:50:34
1348,15,8980.0,2025-11-27 05:50:34
1349,15,9460.0,2025-11-28 05:50:34
1350,15,9540.0,2025-11-29 05:50:34
1351,16,17370.0,2025-09-01 05:50:34
1352,16,18220.0,2025-09-02 05:50:34
1353,16,18090.0,2025-09-03 05:50:34
1354,16,18290.0,2025-09-04 05:50:34
1355,16,18310.0,2025-09-05 05:50:34
1356,16,18230.0,2025-09-06 05:50:34
1357,16,18480.0,2025-09-07 05:50:34
1358,16,18790.0,2025-09-08 05:50:34
1359,16,19510.0,2025-09-09 05:50:34
1360,16,19660.0,2025-09-10 05:50:34
1361,16,20050.0,2025-09-11 05:50:34
1362,16,20080.0,2025-09-12 05:50:34
1363,16,20100.0,2025-09-13 05:50:34
1364,16,20420.0,2025-09-14 05:50:34
1365,16,20410.0,2025-09-15 05:50:34
1366,16,20030.0,2025-09-16 05:50:34
1367,16,20270.0,2025-09-17 05:50:34
1368,16,20460.0,2025-09-18 05:50:34
1369,16,19960.0,2025-09-19 05:50:34
1370,16,20820.0,2025-09-20 05:50:34
1371,16,20690.0,2025-09-21 05:50:34
1372,16,20670.0,2025-09-22 05:50:34
1373,16,21400.0,2025-09-23 05:50:34
1374,16,21060.0,2025-09-24 05:50:34
1375,16,20630.0,2025-09-25 05:50:34
1376,16,21530.0,2025-09-26 05:50:34
1377,16,22100.0,2025-09-27 05:50:34
1378,16,22750.0,2025-09-28 05:50:34
1379,16,22180.0,2025-09-29 05:50:34
1380,16,22720.0,2025-09-30 05:50:34
1381,16,15700.0,2025-10-01 05:50:34
1382,16,15680.0,2025-10-02 05:50:34
1383,16,15950.0,2025-10-03 05:50:34
1384,16,16350.0,2025-10-04 05:50:34
1385,16,16790.0,2025-10-05 05:50:34
1386,16,16950.0,2025-10-06 05:50:34
1387,16,17510.0,2025-10-07 05:50:34
1388,16,15960.0,2025-10-08 05:50:34
1389,16,16080.0,2025-10-09 05:50:34
1390,16,16360.0,2025-10-10 05:50:34
1391,16,16500.0,2025-10-11 05:50:34
1392,16,16460.0,2025-10-12 05:50:34
1393,16,17120.0,2025-10-13 05:50:34
1394,16,16990.0,2025-10-14 05:50:34
1395,16,16800.0,2025-10-15 05:50:34
1396,16,16520.0,2025-10-16 05:50:34
1397,16,16060.0,2025-10-17 05:50:34
1398,16,15680.0,2025-10-18 05:50:34
1399,16,16030.0,2025-10-19 05:50:34
1400,16,16100.0,2025-10-20 05:50:34
1401,16,15620.0,2025-10-21 05:50:34
1402,16,15530.0,2025-10-22 05:50:34
1403,16,16210.0,2025-10-23 05:50:34
1404,16,13060.0,2025-10-24 05:50:34
1405,16,13160.0,2025-10-25 05:50:34
1406,16,13280.0,2025-10-26 05:50:34
1407,16,13300.0,2025-10-27 05:50:34
1408,16,12960.0,2025-10-28 05:50:34
1409,16,12820.0,2025-10-29 05:50:34
1410,16,12470.0,2025-10-30 05:50:34
1411,16,12370.0,2025-10-31 05:50:34
1412,16,12580.0,2025-11-01 05:50:34
1413,16,12810.0,2025-11-02 05:50:34
1414,16,13020.0,2025-11-03 05:50:34
1415,16,13470.0,2025-11-04 05:50:34
1416,16,13860.0,2025-11-05 05:50:34
1417,16,13780.0,2025-11-06 05:50:34
1418,16,14320.0,2025-11-07 05:50:34
1419,16,14370.0,2025-11-08 05:50:34
1420,16,14330.0,2025-11-09 05:50:34
1421,16,13720.0,2025-11-10 05:50:34
1422,16,13490.0,2025-11-11 05:50:34
1423,16,13570.0,2025-11-12 05:50:34
1424,16,13870.0,2025-11-13 05:50:34
1425,16,14140.0,2025-11-14 05:50:34
1426,16,14040.0,2025-11-15 05:50:34
1427,16,14200.0,2025-11-16 05:50:34
1428,16,14020.0,2025-11-17 05:50:34
1429,16,14210.0,2025-11-18 05:50:34
1430,16,13910.0,2025-11-19 05:50:34
1431,16,13640.0,2025-11-20 05:50:34
1432,16,13390.0,2025-11-21 05:50:34
1433,16,13720.0,2025-11-22 05:50:34
1434,16,13580.0,2025-11-23 05:50:34
1435,16,11560.0,2025-11-24 05:50:34
1436,16,11630.0,2025-11-25 05:50:34
1437,16,11620.0,2025-11-26 05:50:34
1438,16,11460.0,2025-11-27 05:50:34
1439,16,11550.0,2025-11-28 05:50:34
1440,16,11340.0,2025-11-29 05:50:34
1441,17,13080.0,2025-09-01 05:50:34
1442,17,13100.0,2025-09-02 05:50:34
1443,17,12920.0,2025-09-03 05:50:34
1444,17,12900.0,2025-09-04 05:50:34
1445,17,12840.0,2025-09-05 05:50:34
1446,17,12660.0,2025-09-06 05:50:34
1447,17,12640.0,2025-09-07 05:50:34
1448,17,12810.0,2025-09-08 05:50:34
1449,17,12330.0,2025-09-09 05:50:34
1450,17,12430.0,2025-09-10 05:50:34
1451,17,12600.0,2025-09-11 05:50:34
1452,17,12510.0,2025-09-12 05:50:34
1453,17,12670.0,2025-09-13 05:50:34
1454,17,12480.0,2025-09-14 05:50:34
1455,17,12370.0,2025-09-15 05:50:34
1456,17,12360.0,2025-09-16 05:50:34
1457,17,12540.0,2025-09-17 05:50:34
1458,17,12470.0,2025-09-18 05:50:34
1459,17,12730.0,2025-09-19 05:50:34
1460,17,12990.0,2025-09-20 05:50:34
1461,17,13310.0,2025-09-21 05:50:34
1462,17,13320.0,2025-09-22 05:50:34
1463,17,13960.0,2025-09-23 05:50:34
1464,17,13770.0,2025-09-24 05:50:34
1465,17,14200.0,2025-09-25 05:50:34
1466,17,14320.0,2025-09-26 05:50:34
1467,17,14710.0,2025-09-27 05:50:34
1468,17,14840.0,2025-09-28 05:50:34
1469,17,14540.0,2025-09-29 05:50:34
1470,17,14270.0,2025-09-30 05:50:34
1471,17,14430.0,2025-10-01 05:50:34
1472,17,14590.0,2025-10-02 05:50:34
1473,17,14550.0,2025-10-03 05:50:34
1474,17,14380.0,2025-10-04 05:50:34
1475,17,14550.0,2025-10-05 05:50:34
1476,17,14350.0,2025-10-06 05:50:34
1477,17,14570.0,2025-10-07 05:50:34
1478,17,14220.0,2025-10-08 05:50:34
1479,17,14060.0,2025-10-09 05:50:34
1480,17,14100.0,2025-10-10 05:50:34
1481,17,14460.0,2025-10-11 05:50:34
1482,17,14850.0,2025-10-12 05:50:34
1483,17,15010.0,2025-10-13 05:50:34
1484,17,15060.0,2025-10-14 05:50:34
1485,17,15150.0,2025-10-15 05:50:34
1486,17,11110.0,2025-10-16 05:50:34
1487,17,10950.0,2025-10-17 05:50:34
1488,17,10760.0,2025-10-18 05:50:34
1489,17,10980.0,2025-10-19 05:50:34
1490,17,10800.0,2025-10-20 05:50:34
1491,17,10520.0,2025-10-21 05:50:34
1492,17,10480.0,2025-10-22 05:50:34
1493,17,10420.0,2025-10-23 05:50:34
1494,17,10550.0,2025-10-24 05:50:34
1495,17,10510.0,2025-10-25 05:50:34
1496,17,10580.0,2025-10-26 05:50:34
1497,17,10740.0,2025-10-27 05:50:34
1498,17,10800.0,2025-10-28 05:50:34
1499,17,10900.0,2025-10-29 05:50:34
1500,17,11010.0,2025-10-30 05:50:34
1501,17,11030.0,2025-10-31 05:50:34
1502,17,11200.0,2025-11-01 05:50:34
1503,17,11360.0,2025-11-02 05:50:34
1504,17,11420.0,2025-11-03 05:50:34
1505,17,11200.0,2025-11-04 05:50:34
1506,17,11130.0,2025-11-05 05:50:34
1507,17,11460.0,2025-11-06 05:50:34
1508,17,11480.0,2025-11-07 05:50:34
1509,17,11190.0,2025-11-08 05:50:34
1510,17,11010.0,2025-11-09 05:50:34
1511,17,11300.0,2025-11-10 05:50:34
1512,17,11210.0,2025-11-11 05:50:34
1513,17,11010.0,2025-11-12 05:50:34
1514,17,7970.0,2025-11-13 05:50:34
1515,17,8040.0,2025-11-14 05:50:34
1516,17,8420.0,2025-11-15 05:50:34
1517,17,8430.0,2025-11-16 05:50:34
1518,17,8390.0,2025-11-17 05:50:34
1519,17,8590.0,2025-11-18 05:50:34
1520,17,8760.0,2025-11-19 05:50:34
1521,17,9030.0,2025-11-20 05:50:34
1522,17,9160.0,2025-11-21 05:50:34
1523,17,9090.0,2025-11-22 05:50:34
1524,17,9700.0,2025-11-23 05:50:34
1525,17,9980.0,2025-11-24 05:50:34
1526,17,9960.0,2025-11-25 05:50:34
1527,17,9660.0,2025-11-26 05:50:34
1528,17,9700.0,2025-11-27 05:50:34
1529,17,10280.0,2025-11-28 05:50:34
1530,17,10160.0,2025-11-29 05:50:34
1531,18,17720.0,2025-09-01 05:50:34
1532,18,18300.0,2025-09-02 05:50:34
1533,18,18200.0,2025-09-03 05:50:34
1534,18,18080.0,2025-09-04 05:50:34
1535,18,18260.0,2025-09-05 05:50:34
1536,18,17660.0,2025-09-06 05:50:34
1537,18,17840.0,2025-09-07 05:50:34
1538,18,17600.0,2025-09-08 05:50:34
1539,18,17660.0,2025-09-09 05:50:34
1540,18,17610.0,2025-09-10 05:50:34
1541,18,17410.0,2025-09-11 05:50:34
1542,18,17650.0,2025-09-12 05:50:34
1543,18,17430.0,2025-09-13 05:50:34
1544,18,18100.0,2025-09-14 05:50:34
1545,18,18370.0,2025-09-15 05:50:34
1546,18,18440.0,2025-09-16 05:50:34
1547,18,18460.0,2025-09-17 05:50:34
1548,18,17940.0,2025-09-18 05:50:34
1549,18,18050.0,2025-09-19 05:50:34
1550,18,18480.0,2025-09-20 05:50:34
1551,18,19420.0,2025-09-21 05:50:34
1552,18,19400.0,2025-09-22 05:50:34
1553,18,19480.0,2025-09-23 05:50:34
1554,18,19480.0,2025-09-24 05:50:34
1555,18,19360.0,2025-09-25 05:50:34
1556,18,18890.0,2025-09-26 05:50:34
1557,18,19250.0,2025-09-27 05:50:34
1558,18,18830.0,2025-09-28 05:50:34
1559,18,18780.0,2025-09-29 05:50:34
1560,18,18300.0,2025-09-30 05:50:34
1561,18,17920.0,2025-10-01 05:50:34
1562,18,17790.0,2025-10-02 05:50:34
1563,18,18680.0,2025-10-03 05:50:34
1564,18,18530.0,2025-10-04 05:50:34
1565,18,13730.0,2025-10-05 05:50:34
1566,18,14070.0,2025-10-06 05:50:34
1567,18,13360.0,2025-10-07 05:50:34
1568,18,13210.0,2025-10-08 05:50:34
1569,18,13200.0,2025-10-09 05:50:34
1570,18,13160.0,2025-10-10 05:50:34
1571,18,13040.0,2025-10-11 05:50:34
1572,18,13070.0,2025-10-12 05:50:34
1573,18,9600.0,2025-10-13 05:50:34
1574,18,9430.0,2025-10-14 05:50:34
1575,18,9410.0,2025-10-15 05:50:34
1576,18,9290.0,2025-10-16 05:50:34
1577,18,9640.0,2025-10-17 05:50:34
1578,18,9930.0,2025-10-18 05:50:34
1579,18,9840.0,2025-10-19 05:50:34
1580,18,10070.0,2025-10-20 05:50:34
1581,18,10060.0,2025-10-21 05:50:34
1582,18,10280.0,2025-10-22 05:50:34
1583,18,10180.0,2025-10-23 05:50:34
1584,18,8550.0,2025-10-24 05:50:34
1585,18,8730.0,2025-10-25 05:50:34
1586,18,8810.0,2025-10-26 05:50:34
1587,18,8780.0,2025-10-27 05:50:34
1588,18,8820.0,2025-10-28 05:50:34
1589,18,8790.0,2025-10-29 05:50:34
1590,18,8640.0,2025-10-30 05:50:34
1591,18,8800.0,2025-10-31 05:50:34
1592,18,8950.0,2025-11-01 05:50:34
1593,18,9340.0,2025-11-02 05:50:34
1594,18,9530.0,2025-11-03 05:50:34
1595,18,9680.0,2025-11-04 05:50:34
1596,18,9790.0,2025-11-05 05:50:34
1597,18,9700.0,2025-11-06 05:50:34
1598,18,9930.0,2025-11-07 05:50:34
1599,18,9930.0,2025-11-08 05:50:34
1600,18,9970.0,2025-11-09 05:50:34
1601,18,10060.0,2025-11-10 05:50:34
1602,18,10090.0,2025-11-11 05:50:34
1603,18,9910.0,2025-11-12 05:50:34
1604,18,10010.0,2025-11-13 05:50:34
1605,18,9930.0,2025-11-14 05:50:34
1606,18,10070.0,2025-11-15 05:50:34
1607,18,10200.0,2025-11-16 05:50:34
1608,18,10550.0,2025-11-17 05:50:34
1609,18,10460.0,2025-11-18 05:50:34
1610,18,10460.0,2025-11-19 05:50:34
1611,18,10180.0,2025-11-20 05:50:34
1612,18,10440.0,2025-11-21 05:50:34
1613,18,10420.0,2025-11-22 05:50:34
1614,18,10250.0,2025-11-23 05:50:34
1615,18,10130.0,2025-11-24 05:50:34
1616,18,9980.0,2025-11-25 05:50:34
1617,18,9870.0,2025-11-26 05:50:34
1618,18,9560.0,2025-11-27 05:50:34
1619,18,9540.0,2025-11-28 05:50:34
1620,18,9680.0,2025-11-29 05:50:34
1621,19,14830.0,2025-09-01 05:50:34
1622,19,14850.0,2025-09-02 05:50:34
1623,19,14470.0,2025-09-03 05:50:34
1624,19,14260.0,2025-09-04 05:50:34
1625,19,14150.0,2025-09-05 05:50:34
1626,19,14660.0,2025-09-06 05:50:34
1627,19,14610.0,2025-09-07 05:50:34
1628,19,13850.0,2025-09-08 05:50:34
1629,19,14430.0,2025-09-09 05:50:34
1630,19,14340.0,2025-09-10 05:50:34
1631,19,11430.0,2025-09-11 05:50:34
1632,19,11570.0,2025-09-12 05:50:34
1633,19,12080.0,2025-09-13 05:50:34
1634,19,12090.0,2025-09-14 05:50:34
1635,19,11460.0,2025-09-15 05:50:34
1636,19,11510.0,2025-09-16 05:50:34
1637,19,11170.0,2025-09-17 05:50:34
1638,19,10940.0,2025-09-18 05:50:34
1639,19,11060.0,2025-09-19 05:50:34
1640,19,10930.0,2025-09-20 05:50:34
1641,19,11240.0,2025-09-21 05:50:34
1642,19,9320.0,2025-09-22 05:50:34
1643,19,9580.0,2025-09-23 05:50:34
1644,19,9510.0,2025-09-24 05:50:34
1645,19,9420.0,2025-09-25 05:50:34
1646,19,9560.0,2025-09-26 05:50:34
1647,19,9740.0,2025-09-27 05:50:34
1648,19,9760.0,2025-09-28 05:50:34
1649,19,9470.0,2025-09-29 05:50:34
1650,19,9350.0,2025-09-30 05:50:34
1651,19,9460.0,2025-10-01 05:50:34
1652,19,9250.0,2025-10-02 05:50:34
1653,19,8900.0,2025-10-03 05:50:34
1654,19,9020.0,2025-10-04 05:50:34
1655,19,8800.0,2025-10-05 05:50:34
1656,19,8520.0,2025-10-06 05:50:34
1657,19,7650.0,2025-10-07 05:50:34
1658,19,7650.0,2025-10-08 05:50:34
1659,19,7650.0,2025-10-09 05:50:34
1660,19,7650.0,2025-10-10 05:50:34
1661,19,7650.0,2025-10-11 05:50:34
1662,19,7770.0,2025-10-12 05:50:34
1663,19,7650.0,2025-10-13 05:50:34
1664,19,7650.0,2025-10-14 05:50:34
1665,19,7650.0,2025-10-15 05:50:34
1666,19,7650.0,2025-10-16 05:50:34
1667,19,7650.0,2025-10-17 05:50:34
1668,19,7650.0,2025-10-18 05:50:34
1669,19,7650.0,2025-10-19 05:50:34
1670,19,7650.0,2025-10-20 05:50:34
1671,19,7740.0,2025-10-21 05:50:34
1672,19,7650.0,2025-10-22 05:50:34
1673,19,7650.0,2025-10-23 05:50:34
1674,19,8010.0,2025-10-24 05:50:34
1675,19,7980.0,2025-10-25 05:50:34
1676,19,8050.0,2025-10-26 05:50:34
1677,19,7750.0,2025-10-27 05:50:34
1678,19,7650.0,2025-10-28 05:50:34
1679,19,7720.0,2025-10-29 05:50:34
1680,19,7650.0,2025-10-30 05:50:34
1681,19,7650.0,2025-10-31 05:50:34
1682,19,7660.0,2025-11-01 05:50:34
1683,19,7650.0,2025-11-02 05:50:34
1684,19,7660.0,2025-11-03 05:50:34
1685,19,7770.0,2025-11-04 05:50:34
1686,19,7690.0,2025-11-05 05:50:34
1687,19,7820.0,2025-11-06 05:50:34
1688,19,7890.0,2025-11-07 05:50:34
1689,19,7760.0,2025-11-08 05:50:34
1690,19,7700.0,2025-11-09 05:50:34
1691,19,7650.0,2025-11-10 05:50:34
1692,19,7650.0,2025-11-11 05:50:34
1693,19,7720.0,2025-11-12 05:50:34
1694,19,7650.0,2025-11-13 05:50:34
1695,19,7840.0,2025-11-14 05:50:34
1696,19,7890.0,2025-11-15 05:50:34
1697,19,7720.0,2025-11-16 05:50:34
1698,19,7780.0,2025-11-17 05:50:34
1699,19,8110.0,2025-11-18 05:50:34
1700,19,8150.0,2025-11-19 05:50:34
1701,19,8160.0,2025-11-20 05:50:34
1702,19,7840.0,2025-11-21 05:50:34
1703,19,7650.0,2025-11-22 05:50:34
1704,19,7770.0,2025-11-23 05:50:34
1705,19,7650.0,2025-11-24 05:50:34
1706,19,7650.0,2025-11-25 05:50:34
1707,19,7650.0,2025-11-26 05:50:34
1708,19,7650.0,2025-11-27 05:50:34
1709,19,7690.0,2025-11-28 05:50:34
1710,19,7840.0,2025-11-29 05:50:34
1711,20,15030.0,2025-09-01 05:50:34
1712,20,15310.0,2025-09-02 05:50:34
1713,20,15140.0,2025-09-03 05:50:34
1714,20,15100.0,2025-09-04 05:50:34
1715,20,15040.0,2025-09-05 05:50:34
1716,20,15510.0,2025-09-06 05:50:34
1717,20,15530.0,2025-09-07 05:50:34
1718,20,15320.0,2025-09-08 05:50:34
1719,20,14800.0,2025-09-09 05:50:34
1720,20,14750.0,2025-09-10 05:50:34
1721,20,14570.0,2025-09-11 05:50:34
1722,20,14620.0,2025-09-12 05:50:34
1723,20,14710.0,2025-09-13 05:50:34
1724,20,14190.0,2025-09-14 05:50:34
1725,20,14210.0,2025-09-15 05:50:34
1726,20,14100.0,2025-09-16 05:50:34
1727,20,14160.0,2025-09-17 05:50:34
1728,20,14380.0,2025-09-18 05:50:34
1729,20,14540.0,2025-09-19 05:50:34
1730,20,14480.0,2025-09-20 05:50:34
1731,20,14500.0,2025-09-21 05:50:34
1732,20,13810.0,2025-09-22 05:50:34
1733,20,14050.0,2025-09-23 05:50:34
1734,20,10770.0,2025-09-24 05:50:34
1735,20,10600.0,2025-09-25 05:50:34
1736,20,11000.0,2025-09-26 05:50:34
1737,20,11020.0,2025-09-27 05:50:34
1738,20,11130.0,2025-09-28 05:50:34
1739,20,11050.0,2025-09-29 05:50:34
1740,20,11210.0,2025-09-30 05:50:34
1741,20,11080.0,2025-10-01 05:50:34
1742,20,11260.0,2025-10-02 05:50:34
1743,20,11230.0,2025-10-03 05:50:34
1744,20,11620.0,2025-10-04 05:50:34
1745,20,11690.0,2025-10-05 05:50:34
1746,20,11450.0,2025-10-06 05:50:34
1747,20,11370.0,2025-10-07 05:50:34
1748,20,11360.0,2025-10-08 05:50:34
1749,20,11550.0,2025-10-09 05:50:34
1750,20,11460.0,2025-10-10 05:50:34
1751,20,11270.0,2025-10-11 05:50:34
1752,20,11380.0,2025-10-12 05:50:34
1753,20,11550.0,2025-10-13 05:50:34
1754,20,11340.0,2025-10-14 05:50:34
1755,20,11700.0,2025-10-15 05:50:34
1756,20,11880.0,2025-10-16 05:50:34
1757,20,12060.0,2025-10-17 05:50:34
1758,20,12120.0,2025-10-18 05:50:34
1759,20,12490.0,2025-10-19 05:50:34
1760,20,12300.0,2025-10-20 05:50:34
1761,20,12030.0,2025-10-21 05:50:34
1762,20,12380.0,2025-10-22 05:50:34
1763,20,12070.0,2025-10-23 05:50:34
1764,20,12370.0,2025-10-24 05:50:34
1765,20,12510.0,2025-10-25 05:50:34
1766,20,12650.0,2025-10-26 05:50:34
1767,20,12660.0,2025-10-27 05:50:34
1768,20,12780.0,2025-10-28 05:50:34
1769,20,12720.0,2025-10-29 05:50:34
1770,20,12570.0,2025-10-30 05:50:34
1771,20,13030.0,2025-10-31 05:50:34
1772,20,13430.0,2025-11-01 05:50:34
1773,20,13640.0,2025-11-02 05:50:34
1774,20,13650.0,2025-11-03 05:50:34
1775,20,13760.0,2025-11-04 05:50:34
1776,20,14000.0,2025-11-05 05:50:34
1777,20,13780.0,2025-11-06 05:50:34
1778,20,13960.0,2025-11-07 05:50:34
1779,20,14570.0,2025-11-08 05:50:34
1780,20,14980.0,2025-11-09 05:50:34
1781,20,15280.0,2025-11-10 05:50:34
1782,20,14940.0,2025-11-11 05:50:34
1783,20,15130.0,2025-11-12 05:50:34
1784,20,15090.0,2025-11-13 05:50:34
1785,20,15200.0,2025-11-14 05:50:34
1786,20,15560.0,2025-11-15 05:50:34
1787,20,15470.0,2025-11-16 05:50:34
1788,20,15230.0,2025-11-17 05:50:34
1789,20,14940.0,2025-11-18 05:50:34
1790,20,14780.0,2025-11-19 05:50:34
1791,20,14570.0,2025-11-20 05:50:34
1792,20,14560.0,2025-11-21 05:50:34
1793,20,14310.0,2025-11-22 05:50:34
1794,20,13940.0,2025-11-23 05:50:34
1795,20,13470.0,2025-11-24 05:50:34
1796,20,13190.0,2025-11-25 05:50:34
1797,20,13040.0,2025-11-26 05:50:34
1798,20,12650.0,2025-11-27 05:50:34
1799,20,12610.0,2025-11-28 05:50:34
1800,20,12720.0,2025-11-29 05:50:34
1801,21,5560.0,2025-09-01 05:50:34
1802,21,5370.0,2025-09-02 05:50:34
1803,21,5290.0,2025-09-03 05:50:34
1804,21,5200.0,2025-09-04 05:50:34
1805,21,5310.0,2025-09-05 05:50:34
1806,21,5300.0,2025-09-06 05:50:34
1807,21,5360.0,2025-09-07 05:50:34
1808,21,5410.0,2025-09-08 05:50:34
1809,21,5390.0,2025-09-09 05:50:34
1810,21,5310.0,2025-09-10 05:50:34
1811,21,5260.0,2025-09-11 05:50:34
1812,21,5090.0,2025-09-12 05:50:34
1813,21,5100.0,2025-09-13 05:50:34
1814,21,5290.0,2025-09-14 05:50:34
1815,21,4420.0,2025-09-15 05:50:34
1816,21,4460.0,2025-09-16 05:50:34
1817,21,4410.0,2025-09-17 05:50:34
1818,21,4420.0,2025-09-18 05:50:34
1819,21,4580.0,2025-09-19 05:50:34
1820,21,4670.0,2025-09-20 05:50:34
1821,21,4600.0,2025-09-21 05:50:34
1822,21,4710.0,2025-09-22 05:50:34
1823,21,4670.0,2025-09-23 05:50:34
1824,21,4700.0,2025-09-24 05:50:34
1825,21,4710.0,2025-09-25 05:50:34
1826,21,4790.0,2025-09-26 05:50:34
1827,21,4860.0,2025-09-27 05:50:34
1828,21,4790.0,2025-09-28 05:50:34
1829,21,4750.0,2025-09-29 05:50:34
1830,21,4690.0,2025-09-30 05:50:34
1831,21,4790.0,2025-10-01 05:50:34
1832,21,4810.0,2025-10-02 05:50:34
1833,21,4840.0,2025-10-03 05:50:34
1834,21,4840.0,2025-10-04 05:50:34
1835,21,4890.0,2025-10-05 05:50:34
1836,21,4860.0,2025-10-06 05:50:34
1837,21,4940.0,2025-10-07 05:50:34
1838,21,5060.0,2025-10-08 05:50:34
1839,21,4970.0,2025-10-09 05:50:34
1840,21,5090.0,2025-10-10 05:50:34
1841,21,5090.0,2025-10-11 05:50:34
1842,21,5240.0,2025-10-12 05:50:34
1843,21,5170.0,2025-10-13 05:50:34
1844,21,5110.0,2025-10-14 05:50:34
1845,21,4970.0,2025-10-15 05:50:34
1846,21,4870.0,2025-10-16 05:50:34
1847,21,4910.0,2025-10-17 05:50:34
1848,21,4970.0,2025-10-18 05:50:34
1849,21,5150.0,2025-10-19 05:50:34
1850,21,4950.0,2025-10-20 05:50:34
1851,21,4960.0,2025-10-21 05:50:34
1852,21,5060.0,2025-10-22 05:50:34
1853,21,5190.0,2025-10-23 05:50:34
1854,21,5190.0,2025-10-24 05:50:34
1855,21,4950.0,2025-10-25 05:50:34
1856,21,4870.0,2025-10-26 05:50:34
1857,21,4890.0,2025-10-27 05:50:34
1858,21,4850.0,2025-10-28 05:50:34
1859,21,4930.0,2025-10-29 05:50:34
1860,21,4760.0,2025-10-30 05:50:34
1861,21,4830.0,2025-10-31 05:50:34
1862,21,4860.0,2025-11-01 05:50:34
1863,21,4920.0,2025-11-02 05:50:34
1864,21,4950.0,2025-11-03 05:50:34
1865,21,5010.0,2025-11-04 05:50:34
1866,21,4990.0,2025-11-05 05:50:34
1867,21,5010.0,2025-11-06 05:50:34
1868,21,5100.0,2025-11-07 05:50:34
1869,21,5130.0,2025-11-08 05:50:34
1870,21,5190.0,2025-11-09 05:50:34
1871,21,5200.0,2025-11-10 05:50:34
1872,21,5270.0,2025-11-11 05:50:34
1873,21,5200.0,2025-11-12 05:50:34
1874,21,5170.0,2025-11-13 05:50:34
1875,21,5170.0,2025-11-14 05:50:34
1876,21,5350.0,2025-11-15 05:50:34
1877,21,5390.0,2025-11-16 05:50:34
1878,21,5510.0,2025-11-17 05:50:34
1879,21,5510.0,2025-11-18 05:50:34
1880,21,5560.0,2025-11-19 05:50:34
1881,21,4450.0,2025-11-20 05:50:34
1882,21,4670.0,2025-11-21 05:50:34
1883,21,4680.0,2025-11-22 05:50:34
1884,21,3530.0,2025-11-23 05:50:34
1885,21,3470.0,2025-11-24 05:50:34
1886,21,2900.0,2025-11-25 05:50:34
1887,21,2890.0,2025-11-26 05:50:34
1888,21,2870.0,2025-11-27 05:50:34
1889,21,2910.0,2025-11-28 05:50:34
1890,21,2870.0,2025-11-29 05:50:34
1891,22,4220.0,2025-09-01 05:50:34
1892,22,4270.0,2025-09-02 05:50:34
1893,22,4300.0,2025-09-03 05:50:34
1894,22,4380.0,2025-09-04 05:50:34
1895,22,4390.0,2025-09-05 05:50:34
1896,22,4570.0,2025-09-06 05:50:34
1897,22,4650.0,2025-09-07 05:50:34
1898,22,4640.0,2025-09-08 05:50:34
1899,22,4480.0,2025-09-09 05:50:34
1900,22,4460.0,2025-09-10 05:50:34
1901,22,4450.0,2025-09-11 05:50:34
1902,22,4610.0,2025-09-12 05:50:34
1903,22,4850.0,2025-09-13 05:50:34
1904,22,4850.0,2025-09-14 05:50:34
1905,22,4860.0,2025-09-15 05:50:34
1906,22,4770.0,2025-09-16 05:50:34
1907,22,4780.0,2025-09-17 05:50:34
1908,22,4880.0,2025-09-18 05:50:34
1909,22,5000.0,2025-09-19 05:50:34
1910,22,5180.0,2025-09-20 05:50:34
1911,22,5140.0,2025-09-21 05:50:34
1912,22,5100.0,2025-09-22 05:50:34
1913,22,5150.0,2025-09-23 05:50:34
1914,22,5210.0,2025-09-24 05:50:34
1915,22,5090.0,2025-09-25 05:50:34
1916,22,5120.0,2025-09-26 05:50:34
1917,22,5040.0,2025-09-27 05:50:34
1918,22,5170.0,2025-09-28 05:50:34
1919,22,5200.0,2025-09-29 05:50:34
1920,22,5210.0,2025-09-30 05:50:34
1921,22,5490.0,2025-10-01 05:50:34
1922,22,4630.0,2025-10-02 05:50:34
1923,22,3390.0,2025-10-03 05:50:34
1924,22,3490.0,2025-10-04 05:50:34
1925,22,3570.0,2025-10-05 05:50:34
1926,22,3510.0,2025-10-06 05:50:34
1927,22,3430.0,2025-10-07 05:50:34
1928,22,3460.0,2025-10-08 05:50:34
1929,22,3470.0,2025-10-09 05:50:34
1930,22,3540.0,2025-10-10 05:50:34
1931,22,3550.0,2025-10-11 05:50:34
1932,22,3570.0,2025-10-12 05:50:34
1933,22,3570.0,2025-10-13 05:50:34
1934,22,3600.0,2025-10-14 05:50:34
1935,22,3690.0,2025-10-15 05:50:34
1936,22,3590.0,2025-10-16 05:50:34
1937,22,3680.0,2025-10-17 05:50:34
1938,22,3200.0,2025-10-18 05:50:34
1939,22,3330.0,2025-10-19 05:50:34
1940,22,3340.0,2025-10-20 05:50:34
1941,22,3380.0,2025-10-21 05:50:34
1942,22,3500.0,2025-10-22 05:50:34
1943,22,3490.0,2025-10-23 05:50:34
1944,22,3390.0,2025-10-24 05:50:34
1945,22,3430.0,2025-10-25 05:50:34
1946,22,3470.0,2025-10-26 05:50:34
1947,22,3470.0,2025-10-27 05:50:34
1948,22,3490.0,2025-10-28 05:50:34
1949,22,3530.0,2025-10-29 05:50:34
1950,22,3550.0,2025-10-30 05:50:34
1951,22,3630.0,2025-10-31 05:50:34
1952,22,3580.0,2025-11-01 05:50:34
1953,22,3640.0,2025-11-02 05:50:34
1954,22,3540.0,2025-11-03 05:50:34
1955,22,3560.0,2025-11-04 05:50:34
1956,22,3580.0,2025-11-05 05:50:34
1957,22,3640.0,2025-11-06 05:50:34
1958,22,3660.0,2025-11-07 05:50:34
1959,22,3700.0,2025-11-08 05:50:34
1960,22,3830.0,2025-11-09 05:50:34
1961,22,3720.0,2025-11-10 05:50:34
1962,22,3870.0,2025-11-11 05:50:34
1963,22,3890.0,2025-11-12 05:50:34
1964,22,3930.0,2025-11-13 05:50:34
1965,22,3980.0,2025-11-14 05:50:34
1966,22,3960.0,2025-11-15 05:50:34
1967,22,3960.0,2025-11-16 05:50:34
1968,22,3830.0,2025-11-17 05:50:34
1969,22,3880.0,2025-11-18 05:50:34
1970,22,3930.0,2025-11-19 05:50:34
1971,22,3950.0,2025-11-20 05:50:34
1972,22,4130.0,2025-11-21 05:50:34
1973,22,4230.0,2025-11-22 05:50:34
1974,22,4290.0,2025-11-23 05:50:34
1975,22,4340.0,2025-11-24 05:50:34
1976,22,4250.0,2025-11-25 05:50:34
1977,22,4200.0,2025-11-26 05:50:34
1978,22,4190.0,2025-11-27 05:50:34
1979,22,4150.0,2025-11-28 05:50:34
1980,22,4160.0,2025-11-29 05:50:34
1981,23,5270.0,2025-09-01 05:50:34
1982,23,5160.0,2025-09-02 05:50:34
1983,23,5250.0,2025-09-03 05:50:34
1984,23,5210.0,2025-09-04 05:50:34
1985,23,5260.0,2025-09-05 05:50:34
1986,23,5190.0,2025-09-06 05:50:34
1987,23,5280.0,2025-09-07 05:50:34
1988,23,5330.0,2025-09-08 05:50:34
1989,23,5580.0,2025-09-09 05:50:34
1990,23,5460.0,2025-09-10 05:50:34
1991,23,5520.0,2025-09-11 05:50:34
1992,23,5560.0,2025-09-12 05:50:34
1993,23,5860.0,2025-09-13 05:50:34
1994,23,5920.0,2025-09-14 05:50:34
1995,23,6000.0,2025-09-15 05:50:34
1996,23,5840.0,2025-09-16 05:50:34
1997,23,5860.0,2025-09-17 05:50:34
1998,23,5770.0,2025-09-18 05:50:34
1999,23,5870.0,2025-09-19 05:50:34
2000,23,6060.0,2025-09-20 05:50:34
2001,23,6010.0,2025-09-21 05:50:34
2002,23,5850.0,2025-09-22 05:50:34
2003,23,5820.0,2025-09-23 05:50:34
2004,23,5970.0,2025-09-24 05:50:34
2005,23,4930.0,2025-09-25 05:50:34
2006,23,4970.0,2025-09-26 05:50:34
2007,23,5020.0,2025-09-27 05:50:34
2008,23,4850.0,2025-09-28 05:50:34
2009,23,4860.0,2025-09-29 05:50:34
2010,23,4840.0,2025-09-30 05:50:34
2011,23,4550.0,2025-10-01 05:50:34
2012,23,4650.0,2025-10-02 05:50:34
2013,23,4760.0,2025-10-03 05:50:34
2014,23,4830.0,2025-10-04 05:50:34
2015,23,4900.0,2025-10-05 05:50:34
2016,23,4980.0,2025-10-06 05:50:34
2017,23,4880.0,2025-10-07 05:50:34
2018,23,5020.0,2025-10-08 05:50:34
2019,23,4860.0,2025-10-09 05:50:34
2020,23,5010.0,2025-10-10 05:50:34
2021,23,3950.0,2025-10-11 05:50:34
2022,23,3980.0,2025-10-12 05:50:34
2023,23,2890.0,2025-10-13 05:50:34
2024,23,2720.0,2025-10-14 05:50:34
2025,23,2710.0,2025-10-15 05:50:34
2026,23,2710.0,2025-10-16 05:50:34
2027,23,2780.0,2025-10-17 05:50:34
2028,23,2740.0,2025-10-18 05:50:34
2029,23,2760.0,2025-10-19 05:50:34
2030,23,2730.0,2025-10-20 05:50:34
2031,23,2810.0,2025-10-21 05:50:34
2032,23,2830.0,2025-10-22 05:50:34
2033,23,2910.0,2025-10-23 05:50:34
2034,23,2710.0,2025-10-24 05:50:34
2035,23,2710.0,2025-10-25 05:50:34
2036,23,2710.0,2025-10-26 05:50:34
2037,23,2710.0,2025-10-27 05:50:34
2038,23,2710.0,2025-10-28 05:50:34
2039,23,2710.0,2025-10-29 05:50:34
2040,23,2780.0,2025-10-30 05:50:34
2041,23,2870.0,2025-10-31 05:50:34
2042,23,2760.0,2025-11-01 05:50:34
2043,23,2790.0,2025-11-02 05:50:34
2044,23,2770.0,2025-11-03 05:50:34
2045,23,2710.0,2025-11-04 05:50:34
2046,23,2710.0,2025-11-05 05:50:34
2047,23,2730.0,2025-11-06 05:50:34
2048,23,2780.0,2025-11-07 05:50:34
2049,23,2850.0,2025-11-08 05:50:34
2050,23,2830.0,2025-11-09 05:50:34
2051,23,2720.0,2025-11-10 05:50:34
2052,23,2710.0,2025-11-11 05:50:34
2053,23,2710.0,2025-11-12 05:50:34
2054,23,2810.0,2025-11-13 05:50:34
2055,23,2820.0,2025-11-14 05:50:34
2056,23,2710.0,2025-11-15 05:50:34
2057,23,2710.0,2025-11-16 05:50:34
2058,23,2710.0,2025-11-17 05:50:34
2059,23,2820.0,2025-11-18 05:50:34
2060,23,2830.0,2025-11-19 05:50:34
2061,23,2800.0,2025-11-20 05:50:34
2062,23,2840.0,2025-11-21 05:50:34
2063,23,2910.0,2025-11-22 05:50:34
2064,23,2990.0,2025-11-23 05:50:34
2065,23,2970.0,2025-11-24 05:50:34
2066,23,3070.0,2025-11-25 05:50:34
2067,23,3050.0,2025-11-26 05:50:34
2068,23,3110.0,2025-11-27 05:50:34
2069,23,3170.0,2025-11-28 05:50:34
2070,23,3210.0,2025-11-29 05:50:34
2071,24,4350.0,2025-09-01 05:50:34
2072,24,4370.0,2025-09-02 05:50:34
2073,24,4350.0,2025-09-03 05:50:34
2074,24,4500.0,2025-09-04 05:50:34
2075,24,4610.0,2025-09-05 05:50:34
2076,24,4720.0,2025-09-06 05:50:34
2077,24,4730.0,2025-09-07 05:50:34
2078,24,4660.0,2025-09-08 05:50:34
2079,24,4460.0,2025-09-09 05:50:34
2080,24,4310.0,2025-09-10 05:50:34
2081,24,4370.0,2025-09-11 05:50:34
2082,24,4340.0,2025-09-12 05:50:34
2083,24,4310.0,2025-09-13 05:50:34
2084,24,4330.0,2025-09-14 05:50:34
2085,24,4420.0,2025-09-15 05:50:34
2086,24,4350.0,2025-09-16 05:50:34
2087,24,4270.0,2025-09-17 05:50:34
2088,24,4250.0,2025-09-18 05:50:34
2089,24,4470.0,2025-09-19 05:50:34
2090,24,4600.0,2025-09-20 05:50:34
2091,24,4730.0,2025-09-21 05:50:34
2092,24,4800.0,2025-09-22 05:50:34
2093,24,4740.0,2025-09-23 05:50:34
2094,24,4750.0,2025-09-24 05:50:34
2095,24,4620.0,2025-09-25 05:50:34
2096,24,4540.0,2025-09-26 05:50:34
2097,24,4690.0,2025-09-27 05:50:34
2098,24,4630.0,2025-09-28 05:50:34
2099,24,4670.0,2025-09-29 05:50:34
2100,24,4560.0,2025-09-30 05:50:34
2101,24,4460.0,2025-10-01 05:50:34
2102,24,4320.0,2025-10-02 05:50:34
2103,24,4430.0,2025-10-03 05:50:34
2104,24,4580.0,2025-10-04 05:50:34
2105,24,4610.0,2025-10-05 05:50:34
2106,24,4590.0,2025-10-06 05:50:34
2107,24,4820.0,2025-10-07 05:50:34
2108,24,3800.0,2025-10-08 05:50:34
2109,24,3940.0,2025-10-09 05:50:34
2110,24,4080.0,2025-10-10 05:50:34
2111,24,4280.0,2025-10-11 05:50:34
2112,24,4280.0,2025-10-12 05:50:34
2113,24,4420.0,2025-10-13 05:50:34
2114,24,4380.0,2025-10-14 05:50:34
2115,24,4350.0,2025-10-15 05:50:34
2116,24,4510.0,2025-10-16 05:50:34
2117,24,4680.0,2025-10-17 05:50:34
2118,24,4600.0,2025-10-18 05:50:34
2119,24,4720.0,2025-10-19 05:50:34
2120,24,4830.0,2025-10-20 05:50:34
2121,24,4960.0,2025-10-21 05:50:34
2122,24,4910.0,2025-10-22 05:50:34
2123,24,4770.0,2025-10-23 05:50:34
2124,24,4590.0,2025-10-24 05:50:34
2125,24,4780.0,2025-10-25 05:50:34
2126,24,4990.0,2025-10-26 05:50:34
2127,24,4980.0,2025-10-27 05:50:34
2128,24,5060.0,2025-10-28 05:50:34
2129,24,5110.0,2025-10-29 05:50:34
2130,24,5030.0,2025-10-30 05:50:34
2131,24,5090.0,2025-10-31 05:50:34
2132,24,5360.0,2025-11-01 05:50:34
2133,24,5440.0,2025-11-02 05:50:34
2134,24,5390.0,2025-11-03 05:50:34
2135,24,5560.0,2025-11-04 05:50:34
2136,24,4760.0,2025-11-05 05:50:34
2137,24,4950.0,2025-11-06 05:50:34
2138,24,5000.0,2025-11-07 05:50:34
2139,24,4910.0,2025-11-08 05:50:34
2140,24,4970.0,2025-11-09 05:50:34
2141,24,4810.0,2025-11-10 05:50:34
2142,24,4770.0,2025-11-11 05:50:34
2143,24,4830.0,2025-11-12 05:50:34
2144,24,3490.0,2025-11-13 05:50:34
2145,24,3520.0,2025-11-14 05:50:34
2146,24,3550.0,2025-11-15 05:50:34
2147,24,3590.0,2025-11-16 05:50:34
2148,24,3720.0,2025-11-17 05:50:34
2149,24,3710.0,2025-11-18 05:50:34
2150,24,3740.0,2025-11-19 05:50:34
2151,24,3780.0,2025-11-20 05:50:34
2152,24,3740.0,2025-11-21 05:50:34
2153,24,2970.0,2025-11-22 05:50:34
2154,24,3060.0,2025-11-23 05:50:34
2155,24,3020.0,2025-11-24 05:50:34
2156,24,2990.0,2025-11-25 05:50:34
2157,24,2990.0,2025-11-26 05:50:34
2158,24,2950.0,2025-11-27 05:50:34
2159,24,2960.0,2025-11-28 05:50:34
2160,24,3020.0,2025-11-29 05:50:34
2161,25,3440.0,2025-09-01 05:50:34
2162,25,3430.0,2025-09-02 05:50:34
2163,25,2570.0,2025-09-03 05:50:34
2164,25,2620.0,2025-09-04 05:50:34
2165,25,2610.0,2025-09-05 05:50:34
2166,25,2680.0,2025-09-06 05:50:34
2167,25,2680.0,2025-09-07 05:50:34
2168,25,2570.0,2025-09-08 05:50:34
2169,25,2610.0,2025-09-09 05:50:34
2170,25,2520.0,2025-09-10 05:50:34
2171,25,2480.0,2025-09-11 05:50:34
2172,25,2390.0,2025-09-12 05:50:34
2173,25,2450.0,2025-09-13 05:50:34
2174,25,2470.0,2025-09-14 05:50:34
2175,25,2450.0,2025-09-15 05:50:34
2176,25,2490.0,2025-09-16 05:50:34
2177,25,2500.0,2025-09-17 05:50:34
2178,25,2540.0,2025-09-18 05:50:34
2179,25,2530.0,2025-09-19 05:50:34
2180,25,2230.0,2025-09-20 05:50:34
2181,25,2270.0,2025-09-21 05:50:34
2182,25,2270.0,2025-09-22 05:50:34
2183,25,2320.0,2025-09-23 05:50:34
2184,25,2340.0,2025-09-24 05:50:34
2185,25,2390.0,2025-09-25 05:50:34
2186,25,2360.0,2025-09-26 05:50:34
2187,25,2320.0,2025-09-27 05:50:34
2188,25,2340.0,2025-09-28 05:50:34
2189,25,2280.0,2025-09-29 05:50:34
2190,25,2320.0,2025-09-30 05:50:34
2191,25,2340.0,2025-10-01 05:50:34
2192,25,2270.0,2025-10-02 05:50:34
2193,25,2300.0,2025-10-03 05:50:34
2194,25,2310.0,2025-10-04 05:50:34
2195,25,2320.0,2025-10-05 05:50:34
2196,25,2270.0,2025-10-06 05:50:34
2197,25,2290.0,2025-10-07 05:50:34
2198,25,2270.0,2025-10-08 05:50:34
2199,25,2240.0,2025-10-09 05:50:34
2200,25,2240.0,2025-10-10 05:50:34
2201,25,2240.0,2025-10-11 05:50:34
2202,25,2250.0,2025-10-12 05:50:34
2203,25,2230.0,2025-10-13 05:50:34
2204,25,2230.0,2025-10-14 05:50:34
2205,25,2230.0,2025-10-15 05:50:34
2206,25,2230.0,2025-10-16 05:50:34
2207,25,2240.0,2025-10-17 05:50:34
2208,25,2230.0,2025-10-18 05:50:34
2209,25,2260.0,2025-10-19 05:50:34
2210,25,2300.0,2025-10-20 05:50:34
2211,25,2300.0,2025-10-21 05:50:34
2212,25,2340.0,2025-10-22 05:50:34
2213,25,2340.0,2025-10-23 05:50:34
2214,25,2230.0,2025-10-24 05:50:34
2215,25,2250.0,2025-10-25 05:50:34
2216,25,2270.0,2025-10-26 05:50:34
2217,25,2250.0,2025-10-27 05:50:34
2218,25,2240.0,2025-10-28 05:50:34
2219,25,2280.0,2025-10-29 05:50:34
2220,25,2290.0,2025-10-30 05:50:34
2221,25,2300.0,2025-10-31 05:50:34
2222,25,2250.0,2025-11-01 05:50:34
2223,25,2230.0,2025-11-02 05:50:34
2224,25,2250.0,2025-11-03 05:50:34
2225,25,2250.0,2025-11-04 05:50:34
2226,25,2360.0,2025-11-05 05:50:34
2227,25,2380.0,2025-11-06 05:50:34
2228,25,2430.0,2025-11-07 05:50:34
2229,25,2340.0,2025-11-08 05:50:34
2230,25,2320.0,2025-11-09 05:50:34
2231,25,2400.0,2025-11-10 05:50:34
2232,25,2370.0,2025-11-11 05:50:34
2233,25,2440.0,2025-11-12 05:50:34
2234,25,2480.0,2025-11-13 05:50:34
2235,25,2500.0,2025-11-14 05:50:34
2236,25,2560.0,2025-11-15 05:50:34
2237,25,2650.0,2025-11-16 05:50:34
2238,25,2690.0,2025-11-17 05:50:34
2239,25,2680.0,2025-11-18 05:50:34
2240,25,2710.0,2025-11-19 05:50:34
2241,25,2720.0,2025-11-20 05:50:34
2242,25,2600.0,2025-11-21 05:50:34
2243,25,2620.0,2025-11-22 05:50:34
2244,25,2230.0,2025-11-23 05:50:34
2245,25,2230.0,2025-11-24 05:50:34
2246,25,2230.0,2025-11-25 05:50:34
2247,25,2230.0,2025-11-26 05:50:34
2248,25,2240.0,2025-11-27 05:50:34
2249,25,2270.0,2025-11-28 05:50:34
2250,25,2280.0,2025-11-29 05:50:34
2251,26,5720.0,2025-09-01 05:50:34
2252,26,5790.0,2025-09-02 05:50:34
2253,26,5810.0,2025-09-03 05:50:34
2254,26,5910.0,2025-09-04 05:50:34
2255,26,6010.0,2025-09-05 05:50:34
2256,26,6010.0,2025-09-06 05:50:34
2257,26,6250.0,2025-09-07 05:50:34
2258,26,6010.0,2025-09-08 05:50:34
2259,26,5830.0,2025-09-09 05:50:34
2260,26,5660.0,2025-09-10 05:50:34
2261,26,5460.0,2025-09-11 05:50:34
2262,26,4640.0,2025-09-12 05:50:34
2263,26,4890.0,2025-09-13 05:50:34
2264,26,4830.0,2025-09-14 05:50:34
2265,26,4760.0,2025-09-15 05:50:34
2266,26,4690.0,2025-09-16 05:50:34
2267,26,4780.0,2025-09-17 05:50:34
2268,26,4930.0,2025-09-18 05:50:34
2269,26,4990.0,2025-09-19 05:50:34
2270,26,4920.0,2025-09-20 05:50:34
2271,26,5030.0,2025-09-21 05:50:34
2272,26,4920.0,2025-09-22 05:50:34
2273,26,4880.0,2025-09-23 05:50:34
2274,26,4860.0,2025-09-24 05:50:34
2275,26,4930.0,2025-09-25 05:50:34
2276,26,4970.0,2025-09-26 05:50:34
2277,26,3670.0,2025-09-27 05:50:34
2278,26,3700.0,2025-09-28 05:50:34
2279,26,3730.0,2025-09-29 05:50:34
2280,26,3840.0,2025-09-30 05:50:34
2281,26,3770.0,2025-10-01 05:50:34
2282,26,3800.0,2025-10-02 05:50:34
2283,26,3790.0,2025-10-03 05:50:34
2284,26,3690.0,2025-10-04 05:50:34
2285,26,3660.0,2025-10-05 05:50:34
2286,26,3670.0,2025-10-06 05:50:34
2287,26,3630.0,2025-10-07 05:50:34
2288,26,3600.0,2025-10-08 05:50:34
2289,26,3680.0,2025-10-09 05:50:34
2290,26,3770.0,2025-10-10 05:50:34
2291,26,3960.0,2025-10-11 05:50:34
2292,26,4020.0,2025-10-12 05:50:34
2293,26,3960.0,2025-10-13 05:50:34
2294,26,3800.0,2025-10-14 05:50:34
2295,26,3850.0,2025-10-15 05:50:34
2296,26,3910.0,2025-10-16 05:50:34
2297,26,3970.0,2025-10-17 05:50:34
2298,26,4020.0,2025-10-18 05:50:34
2299,26,4130.0,2025-10-19 05:50:34
2300,26,4220.0,2025-10-20 05:50:34
2301,26,4170.0,2025-10-21 05:50:34
2302,26,4170.0,2025-10-22 05:50:34
2303,26,4150.0,2025-10-23 05:50:34
2304,26,4170.0,2025-10-24 05:50:34
2305,26,3270.0,2025-10-25 05:50:34
2306,26,3270.0,2025-10-26 05:50:34
2307,26,3340.0,2025-10-27 05:50:34
2308,26,3380.0,2025-10-28 05:50:34
2309,26,3490.0,2025-10-29 05:50:34
2310,26,3500.0,2025-10-30 05:50:34
2311,26,3400.0,2025-10-31 05:50:34
2312,26,3420.0,2025-11-01 05:50:34
2313,26,3490.0,2025-11-02 05:50:34
2314,26,3490.0,2025-11-03 05:50:34
2315,26,3450.0,2025-11-04 05:50:34
2316,26,3430.0,2025-11-05 05:50:34
2317,26,2950.0,2025-11-06 05:50:34
2318,26,2950.0,2025-11-07 05:50:34
2319,26,3090.0,2025-11-08 05:50:34
2320,26,3120.0,2025-11-09 05:50:34
2321,26,3110.0,2025-11-10 05:50:34
2322,26,3170.0,2025-11-11 05:50:34
2323,26,3290.0,2025-11-12 05:50:34
2324,26,3270.0,2025-11-13 05:50:34
2325,26,3380.0,2025-11-14 05:50:34
2326,26,3200.0,2025-11-15 05:50:34
2327,26,3210.0,2025-11-16 05:50:34
2328,26,3150.0,2025-11-17 05:50:34
2329,26,3030.0,2025-11-18 05:50:34
2330,26,3000.0,2025-11-19 05:50:34
2331,26,3040.0,2025-11-20 05:50:34
2332,26,3150.0,2025-11-21 05:50:34
2333,26,3140.0,2025-11-22 05:50:34
2334,26,3060.0,2025-11-23 05:50:34
2335,26,3120.0,2025-11-24 05:50:34
2336,26,3090.0,2025-11-25 05:50:34
2337,26,3040.0,2025-11-26 05:50:34
2338,26,3130.0,2025-11-27 05:50:34
2339,26,3210.0,2025-11-28 05:50:34
2340,26,3200.0,2025-11-29 05:50:34
2341,27,4700.0,2025-09-01 05:50:34
2342,27,4600.0,2025-09-02 05:50:34
2343,27,4670.0,2025-09-03 05:50:34
2344,27,4770.0,2025-09-04 05:50:34
2345,27,4840.0,2025-09-05 05:50:34
2346,27,5120.0,2025-09-06 05:50:34
2347,27,5220.0,2025-09-07 05:50:34
2348,27,5250.0,2025-09-08 05:50:34
2349,27,5090.0,2025-09-09 05:50:34
2350,27,5060.0,2025-09-10 05:50:34
2351,27,5160.0,2025-09-11 05:50:34
2352,27,5110.0,2025-09-12 05:50:34
2353,27,5210.0,2025-09-13 05:50:34
2354,27,5330.0,2025-09-14 05:50:34
2355,27,5370.0,2025-09-15 05:50:34
2356,27,5430.0,2025-09-16 05:50:34
2357,27,5600.0,2025-09-17 05:50:34
2358,27,5530.0,2025-09-18 05:50:34
2359,27,5680.0,2025-09-19 05:50:34
2360,27,5700.0,2025-09-20 05:50:34
2361,27,5760.0,2025-09-21 05:50:34
2362,27,5620.0,2025-09-22 05:50:34
2363,27,5440.0,2025-09-23 05:50:34
2364,27,5480.0,2025-09-24 05:50:34
2365,27,5350.0,2025-09-25 05:50:34
2366,27,5380.0,2025-09-26 05:50:34
2367,27,5410.0,2025-09-27 05:50:34
2368,27,5500.0,2025-09-28 05:50:34
2369,27,5570.0,2025-09-29 05:50:34
2370,27,5470.0,2025-09-30 05:50:34
2371,27,5480.0,2025-10-01 05:50:34
2372,27,5470.0,2025-10-02 05:50:34
2373,27,5510.0,2025-10-03 05:50:34
2374,27,5700.0,2025-10-04 05:50:34
2375,27,5790.0,2025-10-05 05:50:34
2376,27,5800.0,2025-10-06 05:50:34
2377,27,4230.0,2025-10-07 05:50:34
2378,27,4080.0,2025-10-08 05:50:34
2379,27,4060.0,2025-10-09 05:50:34
2380,27,4130.0,2025-10-10 05:50:34
2381,27,4160.0,2025-10-11 05:50:34
2382,27,4280.0,2025-10-12 05:50:34
2383,27,4200.0,2025-10-13 05:50:34
2384,27,4130.0,2025-10-14 05:50:34
2385,27,4130.0,2025-10-15 05:50:34
2386,27,4100.0,2025-10-16 05:50:34
2387,27,4150.0,2025-10-17 05:50:34
2388,27,4140.0,2025-10-18 05:50:34
2389,27,4260.0,2025-10-19 05:50:34
2390,27,4130.0,2025-10-20 05:50:34
2391,27,4220.0,2025-10-21 05:50:34
2392,27,4150.0,2025-10-22 05:50:34
2393,27,4310.0,2025-10-23 05:50:34
2394,27,4370.0,2025-10-24 05:50:34
2395,27,4430.0,2025-10-25 05:50:34
2396,27,4520.0,2025-10-26 05:50:34
2397,27,4640.0,2025-10-27 05:50:34
2398,27,4420.0,2025-10-28 05:50:34
2399,27,4340.0,2025-10-29 05:50:34
2400,27,4260.0,2025-10-30 05:50:34
2401,27,4230.0,2025-10-31 05:50:34
2402,27,4500.0,2025-11-01 05:50:34
2403,27,4620.0,2025-11-02 05:50:34
2404,27,4600.0,2025-11-03 05:50:34
2405,27,4670.0,2025-11-04 05:50:34
2406,27,4680.0,2025-11-05 05:50:34
2407,27,4600.0,2025-11-06 05:50:34
2408,27,4630.0,2025-11-07 05:50:34
2409,27,4560.0,2025-11-08 05:50:34
2410,27,4670.0,2025-11-09 05:50:34
2411,27,4520.0,2025-11-10 05:50:34
2412,27,4550.0,2025-11-11 05:50:34
2413,27,4500.0,2025-11-12 05:50:34
2414,27,4640.0,2025-11-13 05:50:34
2415,27,4860.0,2025-11-14 05:50:34
2416,27,4690.0,2025-11-15 05:50:34
2417,27,4780.0,2025-11-16 05:50:34
2418,27,4780.0,2025-11-17 05:50:34
2419,27,5000.0,2025-11-18 05:50:34
2420,27,4900.0,2025-11-19 05:50:34
2421,27,4940.0,2025-11-20 05:50:34
2422,27,4970.0,2025-11-21 05:50:34
2423,27,4920.0,2025-11-22 05:50:34
2424,27,4870.0,2025-11-23 05:50:34
2425,27,4750.0,2025-11-24 05:50:34
2426,27,4610.0,2025-11-25 05:50:34
2427,27,4530.0,2025-11-26 05:50:34
2428,27,4430.0,2025-11-27 05:50:34
2429,27,4560.0,2025-11-28 05:50:34
2430,27,4560.0,2025-11-29 05:50:34
2431,28,4950.0,2025-09-01 05:50:34
2432,28,4840.0,2025-09-02 05:50:34
2433,28,4740.0,2025-09-03 05:50:34
2434,28,4810.0,2025-09-04 05:50:34
2435,28,4920.0,2025-09-05 05:50:34
2436,28,5020.0,2025-09-06 05:50:34
2437,28,5250.0,2025-09-07 05:50:34
2438,28,5180.0,2025-09-08 05:50:34
2439,28,5170.0,2025-09-09 05:50:34
2440,28,5160.0,2025-09-10 05:50:34
2441,28,5240.0,2025-09-11 05:50:34
2442,28,5470.0,2025-09-12 05:50:34
2443,28,5580.0,2025-09-13 05:50:34
2444,28,5550.0,2025-09-14 05:50:34
2445,28,5380.0,2025-09-15 05:50:34
2446,28,5320.0,2025-09-16 05:50:34
2447,28,4650.0,2025-09-17 05:50:34
2448,28,4510.0,2025-09-18 05:50:34
2449,28,4440.0,2025-09-19 05:50:34
2450,28,4550.0,2025-09-20 05:50:34
2451,28,4720.0,2025-09-21 05:50:34
2452,28,4710.0,2025-09-22 05:50:34
2453,28,4110.0,2025-09-23 05:50:34
2454,28,4070.0,2025-09-24 05:50:34
2455,28,4130.0,2025-09-25 05:50:34
2456,28,4100.0,2025-09-26 05:50:34
2457,28,4050.0,2025-09-27 05:50:34
2458,28,4120.0,2025-09-28 05:50:34
2459,28,4160.0,2025-09-29 05:50:34
2460,28,4260.0,2025-09-30 05:50:34
2461,28,4470.0,2025-10-01 05:50:34
2462,28,4540.0,2025-10-02 05:50:34
2463,28,4580.0,2025-10-03 05:50:34
2464,28,4580.0,2025-10-04 05:50:34
2465,28,3860.0,2025-10-05 05:50:34
2466,28,3750.0,2025-10-06 05:50:34
2467,28,3790.0,2025-10-07 05:50:34
2468,28,3800.0,2025-10-08 05:50:34
2469,28,3850.0,2025-10-09 05:50:34
2470,28,3870.0,2025-10-10 05:50:34
2471,28,3860.0,2025-10-11 05:50:34
2472,28,3910.0,2025-10-12 05:50:34
2473,28,3870.0,2025-10-13 05:50:34
2474,28,2710.0,2025-10-14 05:50:34
2475,28,2770.0,2025-10-15 05:50:34
2476,28,2720.0,2025-10-16 05:50:34
2477,28,2740.0,2025-10-17 05:50:34
2478,28,2650.0,2025-10-18 05:50:34
2479,28,2710.0,2025-10-19 05:50:34
2480,28,2680.0,2025-10-20 05:50:34
2481,28,2720.0,2025-10-21 05:50:34
2482,28,2720.0,2025-10-22 05:50:34
2483,28,2720.0,2025-10-23 05:50:34
2484,28,2760.0,2025-10-24 05:50:34
2485,28,2750.0,2025-10-25 05:50:34
2486,28,2830.0,2025-10-26 05:50:34
2487,28,2830.0,2025-10-27 05:50:34
2488,28,2800.0,2025-10-28 05:50:34
2489,28,2810.0,2025-10-29 05:50:34
2490,28,2820.0,2025-10-30 05:50:34
2491,28,2850.0,2025-10-31 05:50:34
2492,28,2900.0,2025-11-01 05:50:34
2493,28,2880.0,2025-11-02 05:50:34
2494,28,2790.0,2025-11-03 05:50:34
2495,28,2760.0,2025-11-04 05:50:34
2496,28,2780.0,2025-11-05 05:50:34
2497,28,2850.0,2025-11-06 05:50:34
2498,28,2900.0,2025-11-07 05:50:34
2499,28,2980.0,2025-11-08 05:50:34
2500,28,3000.0,2025-11-09 05:50:34
2501,28,2520.0,2025-11-10 05:50:34
2502,28,2580.0,2025-11-11 05:50:34
2503,28,2520.0,2025-11-12 05:50:34
2504,28,2520.0,2025-11-13 05:50:34
2505,28,2610.0,2025-11-14 05:50:34
2506,28,2630.0,2025-11-15 05:50:34
2507,28,2700.0,2025-11-16 05:50:34
2508,28,2630.0,2025-11-17 05:50:34
2509,28,2650.0,2025-11-18 05:50:34
2510,28,2680.0,2025-11-19 05:50:34
2511,28,2690.0,2025-11-20 05:50:34
2512,28,2770.0,2025-11-21 05:50:34
2513,28,2800.0,2025-11-22 05:50:34
2514,28,2810.0,2025-11-23 05:50:34
2515,28,2870.0,2025-11-24 05:50:34
2516,28,2950.0,2025-11-25 05:50:34
2517,28,2940.0,2025-11-26 05:50:34
2518,28,2890.0,2025-11-27 05:50:34
2519,28,3020.0,2025-11-28 05:50:34
2520,28,3010.0,2025-11-29 05:50:34
2521,29,4940.0,2025-09-01 05:50:34
2522,29,4990.0,2025-09-02 05:50:34
2523,29,4970.0,2025-09-03 05:50:34
2524,29,4930.0,2025-09-04 05:50:34
2525,29,4920.0,2025-09-05 05:50:34
2526,29,4880.0,2025-09-06 05:50:34
2527,29,5010.0,2025-09-07 05:50:34
2528,29,4980.0,2025-09-08 05:50:34
2529,29,3960.0,2025-09-09 05:50:34
2530,29,3980.0,2025-09-10 05:50:34
2531,29,4050.0,2025-09-11 05:50:34
2532,29,4210.0,2025-09-12 05:50:34
2533,29,4290.0,2025-09-13 05:50:34
2534,29,4170.0,2025-09-14 05:50:34
2535,29,4130.0,2025-09-15 05:50:34
2536,29,3390.0,2025-09-16 05:50:34
2537,29,3360.0,2025-09-17 05:50:34
2538,29,3360.0,2025-09-18 05:50:34
2539,29,3400.0,2025-09-19 05:50:34
2540,29,3550.0,2025-09-20 05:50:34
2541,29,3530.0,2025-09-21 05:50:34
2542,29,3520.0,2025-09-22 05:50:34
2543,29,3560.0,2025-09-23 05:50:34
2544,29,3510.0,2025-09-24 05:50:34
2545,29,3410.0,2025-09-25 05:50:34
2546,29,3390.0,2025-09-26 05:50:34
2547,29,3440.0,2025-09-27 05:50:34
2548,29,3570.0,2025-09-28 05:50:34
2549,29,3550.0,2025-09-29 05:50:34
2550,29,3580.0,2025-09-30 05:50:34
2551,29,3600.0,2025-10-01 05:50:34
2552,29,3580.0,2025-10-02 05:50:34
2553,29,3540.0,2025-10-03 05:50:34
2554,29,3590.0,2025-10-04 05:50:34
2555,29,3500.0,2025-10-05 05:50:34
2556,29,3410.0,2025-10-06 05:50:34
2557,29,3430.0,2025-10-07 05:50:34
2558,29,3460.0,2025-10-08 05:50:34
2559,29,3600.0,2025-10-09 05:50:34
2560,29,3520.0,2025-10-10 05:50:34
2561,29,3570.0,2025-10-11 05:50:34
2562,29,3670.0,2025-10-12 05:50:34
2563,29,3680.0,2025-10-13 05:50:34
2564,29,3740.0,2025-10-14 05:50:34
2565,29,3600.0,2025-10-15 05:50:34
2566,29,3500.0,2025-10-16 05:50:34
2567,29,3530.0,2025-10-17 05:50:34
2568,29,2870.0,2025-10-18 05:50:34
2569,29,2910.0,2025-10-19 05:50:34
2570,29,2880.0,2025-10-20 05:50:34
2571,29,2870.0,2025-10-21 05:50:34
2572,29,2890.0,2025-10-22 05:50:34
2573,29,2800.0,2025-10-23 05:50:34
2574,29,2830.0,2025-10-24 05:50:34
2575,29,2880.0,2025-10-25 05:50:34
2576,29,3000.0,2025-10-26 05:50:34
2577,29,2800.0,2025-10-27 05:50:34
2578,29,2800.0,2025-10-28 05:50:34
2579,29,2820.0,2025-10-29 05:50:34
2580,29,2850.0,2025-10-30 05:50:34
2581,29,2890.0,2025-10-31 05:50:34
2582,29,2980.0,2025-11-01 05:50:34
2583,29,2960.0,2025-11-02 05:50:34
2584,29,2950.0,2025-11-03 05:50:34
2585,29,2950.0,2025-11-04 05:50:34
2586,29,2910.0,2025-11-05 05:50:34
2587,29,2840.0,2025-11-06 05:50:34
2588,29,2960.0,2025-11-07 05:50:34
2589,29,2970.0,2025-11-08 05:50:34
2590,29,3010.0,2025-11-09 05:50:34
2591,29,2890.0,2025-11-10 05:50:34
2592,29,2910.0,2025-11-11 05:50:34
2593,29,2800.0,2025-11-12 05:50:34
2594,29,2910.0,2025-11-13 05:50:34
2595,29,2880.0,2025-11-14 05:50:34
2596,29,2990.0,2025-11-15 05:50:34
2597,29,3100.0,2025-11-16 05:50:34
2598,29,3050.0,2025-11-17 05:50:34
2599,29,3020.0,2025-11-18 05:50:34
2600,29,3050.0,2025-11-19 05:50:34
2601,29,3090.0,2025-11-20 05:50:34
2602,29,3230.0,2025-11-21 05:50:34
2603,29,3190.0,2025-11-22 05:50:34
2604,29,3080.0,2025-11-23 05:50:34
2605,29,3030.0,2025-11-24 05:50:34
2606,29,3080.0,2025-11-25 05:50:34
2607,29,3060.0,2025-11-26 05:50:34
2608,29,2970.0,2025-11-27 05:50:34
2609,29,3010.0,2025-11-28 05:50:34
2610,29,3090.0,2025-11-29 05:50:34
2611,30,4860.0,2025-09-01 05:50:34
2612,30,4870.0,2025-09-02 05:50:34
2613,30,4840.0,2025-09-03 05:50:34
2614,30,4780.0,2025-09-04 05:50:34
2615,30,4940.0,2025-09-05 05:50:34
2616,30,5140.0,2025-09-06 05:50:34
2617,30,5310.0,2025-09-07 05:50:34
2618,30,5430.0,2025-09-08 05:50:34
2619,30,5410.0,2025-09-09 05:50:34
2620,30,5540.0,2025-09-10 05:50:34
2621,30,5550.0,2025-09-11 05:50:34
2622,30,5570.0,2025-09-12 05:50:34
2623,30,5660.0,2025-09-13 05:50:34
2624,30,5590.0,2025-09-14 05:50:34
2625,30,5650.0,2025-09-15 05:50:34
2626,30,5550.0,2025-09-16 05:50:34
2627,30,5590.0,2025-09-17 05:50:34
2628,30,5550.0,2025-09-18 05:50:34
2629,30,5880.0,2025-09-19 05:50:34
2630,30,6110.0,2025-09-20 05:50:34
2631,30,6270.0,2025-09-21 05:50:34
2632,30,6420.0,2025-09-22 05:50:34
2633,30,6380.0,2025-09-23 05:50:34
2634,30,6350.0,2025-09-24 05:50:34
2635,30,5300.0,2025-09-25 05:50:34
2636,30,5460.0,2025-09-26 05:50:34
2637,30,5550.0,2025-09-27 05:50:34
2638,30,5850.0,2025-09-28 05:50:34
2639,30,5770.0,2025-09-29 05:50:34
2640,30,5610.0,2025-09-30 05:50:34
2641,30,5510.0,2025-10-01 05:50:34
2642,30,5420.0,2025-10-02 05:50:34
2643,30,5420.0,2025-10-03 05:50:34
2644,30,5310.0,2025-10-04 05:50:34
2645,30,5250.0,2025-10-05 05:50:34
2646,30,5350.0,2025-10-06 05:50:34
2647,30,5350.0,2025-10-07 05:50:34
2648,30,4380.0,2025-10-08 05:50:34
2649,30,4370.0,2025-10-09 05:50:34
2650,30,4410.0,2025-10-10 05:50:34
2651,30,4400.0,2025-10-11 05:50:34
2652,30,4340.0,2025-10-12 05:50:34
2653,30,4270.0,2025-10-13 05:50:34
2654,30,4360.0,2025-10-14 05:50:34
2655,30,4250.0,2025-10-15 05:50:34
2656,30,4280.0,2025-10-16 05:50:34
2657,30,4420.0,2025-10-17 05:50:34
2658,30,4400.0,2025-10-18 05:50:34
2659,30,4420.0,2025-10-19 05:50:34
2660,30,4510.0,2025-10-20 05:50:34
2661,30,4560.0,2025-10-21 05:50:34
2662,30,4470.0,2025-10-22 05:50:34
2663,30,4480.0,2025-10-23 05:50:34
2664,30,4690.0,2025-10-24 05:50:34
2665,30,4780.0,2025-10-25 05:50:34
2666,30,4890.0,2025-10-26 05:50:34
2667,30,4760.0,2025-10-27 05:50:34
2668,30,4840.0,2025-10-28 05:50:34
2669,30,4200.0,2025-10-29 05:50:34
2670,30,4320.0,2025-10-30 05:50:34
2671,30,4360.0,2025-10-31 05:50:34
2672,30,3020.0,2025-11-01 05:50:34
2673,30,3110.0,2025-11-02 05:50:34
2674,30,3240.0,2025-11-03 05:50:34
2675,30,3220.0,2025-11-04 05:50:34
2676,30,3260.0,2025-11-05 05:50:34
2677,30,3160.0,2025-11-06 05:50:34
2678,30,3250.0,2025-11-07 05:50:34
2679,30,3270.0,2025-11-08 05:50:34
2680,30,3250.0,2025-11-09 05:50:34
2681,30,2460.0,2025-11-10 05:50:34
2682,30,2440.0,2025-11-11 05:50:34
2683,30,2440.0,2025-11-12 05:50:34
2684,30,2470.0,2025-11-13 05:50:34
2685,30,2500.0,2025-11-14 05:50:34
2686,30,2500.0,2025-11-15 05:50:34
2687,30,2440.0,2025-11-16 05:50:34
2688,30,2440.0,2025-11-17 05:50:34
2689,30,2440.0,2025-11-18 05:50:34
2690,30,2490.0,2025-11-19 05:50:34
2691,30,2500.0,2025-11-20 05:50:34
2692,30,2580.0,2025-11-21 05:50:34
2693,30,2570.0,2025-11-22 05:50:34
2694,30,2560.0,2025-11-23 05:50:34
2695,30,2580.0,2025-11-24 05:50:34
2696,30,2580.0,2025-11-25 05:50:34
2697,30,2620.0,2025-11-26 05:50:34
2698,30,2690.0,2025-11-27 05:50:34
2699,30,2660.0,2025-11-28 05:50:34
2700,30,2730.0,2025-11-29 05:50:34
